"No.","Ticker","Company","Sector","Industry","Country","Market Cap","P/E","Forward P/E","PEG","P/S","P/B","P/Cash","P/Free Cash Flow","Dividend Yield","Payout Ratio","EPS (ttm)","EPS growth this year","EPS growth next year","EPS growth past 5 years","EPS growth next 5 years","Sales growth past 5 years","EPS growth quarter over quarter","Sales growth quarter over quarter","Shares Outstanding","Shares Float","Insider Ownership","Insider Transactions","Institutional Ownership","Institutional Transactions","Float Short","Short Ratio","Return on Assets","Return on Equity","Return on Investment","Current Ratio","Quick Ratio","LT Debt/Equity","Total Debt/Equity","Gross Margin","Operating Margin","Profit Margin","Performance (Week)","Performance (Month)","Performance (Quarter)","Performance (Half Year)","Performance (Year)","Performance (YTD)","Beta","Average True Range","Volatility (Week)","Volatility (Month)","20-Day Simple Moving Average","50-Day Simple Moving Average","200-Day Simple Moving Average","50-Day High","50-Day Low","52-Week High","52-Week Low","Relative Strength Index (14)","Change from Open","Gap","Analyst Recom","Average Volume","Relative Volume","Price","Change","Volume","Earnings Date","Target Price","IPO Date","After-Hours Close","After-Hours Change"
1,"IRIX","IRIDEX Corporation","Healthcare","Medical Devices","USA",27.20,,,,0.76,1.56,2.29,,,,-0.56,38.80%,46.40%,-21.60%,30.00%,0.30%,4.60%,-17.80%,13.89,11.23,2.40%,0.00%,47.70%,-3.07%,1.77%,2.54,-25.00%,-38.60%,-39.70%,2.80,2.00,0.06,0.14,41.40%,-22.10%,-21.50%,16.87%,14.12%,2.11%,-5.83%,-24.37%,-13.00%,1.10,0.12,6.45%,5.96%,34.22%,33.34%,26.13%,17.56%,50.63%,-43.16%,97.54%,76.45,18.72%,4.64%,,78.26,8.02,2.41,24.23%,627662,11/9/2020 4:30:00 PM,,2/16/1996,2.70,12.03%
2,"SRAX","SRAX, Inc.","Communication Services","Advertising Agencies","USA",42.60,,,,8.19,2.11,5.92,,,,-1.46,-257.70%,38.90%,-6.10%,15.00%,-6.90%,-516.60%,160.00%,14.48,13.42,16.26%,0.00%,4.20%,-4.61%,6.14%,10.46,-76.30%,-137.10%,-142.90%,0.70,0.70,0.18,0.42,61.80%,,,6.50%,-8.71%,-5.07%,9.17%,79.45%,5.22%,2.05,0.20,8.34%,6.86%,19.94%,17.70%,29.00%,-5.74%,51.46%,-7.07%,141.86%,68.04,14.71%,3.82%,2.00,78.74,13.64,3.12,19.08%,1073931,11/16/2020 8:30:00 AM,,10/12/2012,3.35,7.37%
3,"IMH","Impac Mortgage Holdings, Inc.","Financial","Mortgage Finance","USA",60.90,,4.38,,26.48,3.52,1.10,0.07,,,-4.08,94.60%,125.70%,11.10%,4.00%,15.50%,11.20%,-24.40%,21.26,11.48,16.10%,25.85%,21.20%,-1.80%,0.64%,0.46,-3.10%,-201.70%,-0.70%,,,3.94,139.58,,,,3.26%,64.74%,150.00%,69.64%,-46.43%,-45.82%,0.76,0.24,9.77%,11.68%,25.79%,68.01%,83.67%,3.46%,153.31%,-58.09%,199.09%,70.33,10.03%,4.91%,,157.74,2.40,3.29,15.44%,378273,11/5/2020 4:30:00 PM,,11/21/1995,3.30,0.30%
4,"CPHI","China Pharma Holdings, Inc.","Healthcare","Drug Manufacturers - Specialty & Generic","China",20.38,,,,1.85,2.49,67.93,,,,-0.47,-92.60%,,12.10%,10.00%,-13.20%,-44.10%,0.00%,43.58,21.94,0.30%,0.00%,3.00%,7.56%,0.59%,0.22,-91.70%,-240.90%,-149.00%,0.40,0.10,0.11,0.62,15.30%,,,1.89%,-17.89%,18.07%,-31.48%,94.57%,88.98%,0.44,0.04,6.79%,9.73%,11.33%,16.00%,7.43%,-15.57%,36.46%,-63.94%,124.40%,60.91,12.83%,0.00%,2.00,588.81,3.30,0.50,12.83%,1944035,,,4/17/2002,,
5,"SEAC","SeaChange International, Inc.","Technology","Software - Application","USA",32.90,,,,0.91,0.95,5.58,,,,-0.47,77.20%,41.70%,21.90%,,-10.30%,-339.80%,-75.60%,37.56,27.91,2.70%,0.00%,28.20%,-13.84%,0.94%,0.82,-27.60%,-41.30%,-17.90%,2.30,,0.03,0.07,58.30%,-52.20%,-48.20%,10.61%,-3.36%,0.17%,-38.04%,-79.00%,-79.00%,0.71,0.09,9.05%,10.73%,10.06%,16.38%,-39.03%,-10.81%,42.19%,-80.30%,42.19%,59.68,10.24%,1.15%,2.50,320.03,4.25,0.98,11.50%,1359727,12/10/2020 4:30:00 PM,,11/5/1996,0.98,0.00%
6,"UTSI","UTStarcom Holdings Corp.","Technology","Communication Equipment","China",47.80,,,,1.17,0.54,1.45,,,,-0.51,-182.90%,,32.90%,22.00%,-12.70%,,-44.50%,35.69,10.96,70.60%,0.00%,3.90%,7.07%,6.08%,0.83,-11.50%,-18.50%,-6.20%,2.70,2.50,0.00,0.00,36.20%,-32.00%,-44.30%,-6.13%,40.85%,23.58%,-31.05%,-54.83%,-55.59%,1.40,0.16,8.58%,13.77%,7.55%,26.57%,-7.11%,-44.09%,72.75%,-51.99%,72.75%,57.79,2.16%,6.11%,,806.28,0.51,1.42,8.40%,409207,,,3/3/2000,1.38,-2.82%
7,"RETO","ReTo Eco-Solutions, Inc.","Basic Materials","Building Materials","China",15.10,,,,1.06,0.44,,,,,-0.64,-565.00%,,,,16.50%,-361.30%,-83.80%,23.62,10.80,55.27%,0.00%,1.00%,372.82%,0.39%,0.05,-20.60%,-36.90%,-21.40%,0.90,0.80,0.19,0.44,24.20%,-90.30%,,-8.20%,1.64%,20.22%,-53.03%,-31.11%,-29.38%,,0.05,5.68%,9.68%,1.63%,1.99%,-8.77%,-23.32%,25.39%,-65.26%,122.37%,53.72,5.89%,1.61%,,882.91,0.87,0.67,7.60%,768469,,,11/29/2017,0.67,0.00%
8,"QUIK","QuickLogic Corporation","Technology","Semiconductors","USA",42.59,,,,4.73,2.82,1.72,,,,-1.28,6.90%,72.20%,9.40%,20.00%,-18.00%,63.50%,-18.20%,11.02,10.91,0.30%,0.00%,26.10%,-1.39%,0.27%,0.42,-33.40%,-83.60%,-53.10%,1.60,1.40,0.04,1.14,54.50%,,,15.56%,29.54%,16.67%,15.19%,-17.83%,-39.33%,1.96,0.26,13.67%,7.40%,18.56%,27.74%,12.67%,-14.63%,55.16%,-55.67%,84.68%,64.34,4.83%,2.47%,2.00,70.62,2.17,3.91,7.42%,153443,11/4/2020 4:30:00 PM,5.00,10/15/1999,,
9,"KIQ","Kelso Technologies Inc.","Industrials","Railroads","Canada",26.42,16.47,,,1.75,2.15,,,,,0.03,,,,,,,-71.70%,47.17,45.07,4.27%,0.00%,5.04%,,0.39%,2.06,,,,,,,,,,,9.83%,9.83%,11.13%,-15.23%,-23.29%,-22.56%,,0.03,5.13%,6.65%,16.16%,12.13%,5.06%,-3.21%,34.83%,-39.97%,34.83%,69.89,7.14%,0.00%,,84.77,2.81,0.60,7.14%,238123,10/29/2020 8:30:00 AM,,10/20/2003,,
10,"CLSD","Clearside Biomedical, Inc.","Healthcare","Biotechnology","USA",97.20,,,,9.92,11.65,,,,,-0.32,70.10%,-13.90%,-9.20%,,,69.60%,2334.00%,46.98,44.39,7.10%,19.47%,41.40%,0.95%,2.25%,4.05,-65.30%,-153.40%,-185.90%,2.00,2.00,0.05,0.12,,,,-5.71%,19.28%,26.92%,2.59%,-41.76%,-31.72%,1.37,0.16,5.60%,9.34%,4.10%,23.13%,19.15%,-11.67%,69.60%,-48.67%,92.73%,59.13,7.61%,-0.51%,2.30,246.68,4.35,2.12,7.07%,1073279,11/10/2020 4:30:00 PM,,6/2/2016,,
11,"FTFT","Future FinTech Group Inc.","Technology","Software - Application","China",96.00,,,,191.99,2.98,96.00,,,0.00%,-0.43,94.70%,,-16.90%,15.00%,-60.50%,-266.30%,-87.20%,35.18,18.19,56.98%,0.00%,0.50%,45.39%,0.51%,0.16,484.20%,,14.20%,1.50,1.50,0.00,0.09,78.40%,,,-22.92%,-13.55%,-4.64%,69.72%,320.36%,311.02%,2.44,0.33,8.81%,16.19%,-17.35%,-12.06%,9.64%,-41.42%,10.00%,-47.06%,368.09%,43.31,0.00%,7.03%,3.00,579.36,2.38,1.98,7.03%,1378807,,,4/15/2003,1.97,-0.51%
12,"PLIN","China Xiangtai Food Co., Ltd.","Consumer Defensive","Packaged Foods","China",26.10,,,,0.24,0.86,15.35,,,,-0.14,-157.30%,,,,,-168.30%,-41.30%,22.77,15.49,46.57%,0.00%,0.60%,335.00%,0.32%,0.02,-8.90%,-21.60%,0.80%,1.50,,0.12,0.54,6.50%,0.40%,-4.40%,7.14%,2.27%,35.30%,-38.36%,-77.78%,-76.92%,,0.09,13.53%,10.58%,12.82%,11.90%,-22.26%,-36.01%,36.35%,-79.75%,54.82%,60.17,6.07%,0.56%,,2561.63,0.67,0.96,6.66%,1725724,,,8/14/2019,0.96,0.01%
13,"SYPR","Sypris Solutions, Inc.","Consumer Cyclical","Auto Parts","USA",31.30,15.21,,1.90,0.38,1.99,3.77,,,0.00%,0.09,-10.80%,,-24.50%,8.00%,-24.40%,323.00%,-0.40%,21.06,10.83,4.50%,0.00%,6.40%,-2.51%,0.07%,0.01,3.40%,15.40%,-12.20%,1.50,0.80,0.49,0.82,14.10%,-0.70%,2.40%,3.62%,-13.33%,8.33%,89.40%,77.99%,83.31%,1.62,0.10,6.50%,6.61%,9.20%,14.74%,53.90%,-13.14%,40.74%,-29.30%,182.27%,61.22,6.29%,0.00%,3.00,863.74,0.20,1.52,6.29%,173223,11/12/2020 8:30:00 AM,,5/18/1994,,
14,"DTEA","DAVIDsTEA Inc.","Consumer Defensive","Packaged Foods","Canada",75.79,,,,0.63,,4.43,22.29,,,-1.03,8.50%,,-38.10%,,6.70%,230.10%,-33.70%,26.22,14.20,45.87%,0.00%,1.70%,-55.19%,1.16%,0.37,-34.80%,569.60%,-22.20%,0.90,0.50,,,47.00%,-20.60%,-22.20%,-0.76%,77.55%,175.29%,158.42%,75.17%,78.77%,3.33,0.30,15.09%,15.46%,30.38%,77.21%,165.69%,-14.77%,172.29%,-14.77%,779.37%,66.57,9.06%,-2.68%,,449.76,0.71,2.77,6.13%,320177,12/15/2020 4:30:00 PM,,6/5/2015,,
15,"HBP","Huttig Building Products, Inc.","Industrials","Industrial Distribution","USA",95.18,,,,0.12,2.11,118.98,1.89,,,-0.42,-250.80%,,-40.10%,14.00%,5.40%,272.50%,-1.40%,26.00,19.12,20.75%,0.00%,41.40%,-8.10%,1.74%,0.75,-3.60%,-27.20%,-8.20%,2.00,0.90,2.34,2.38,20.00%,-0.80%,-1.30%,-3.62%,-10.13%,62.44%,188.33%,114.91%,124.68%,2.56,0.13,3.64%,3.47%,1.03%,2.64%,80.75%,-4.68%,19.54%,-4.68%,644.42%,55.82,6.07%,0.00%,,442.16,0.14,3.67,6.07%,61568,10/29/2020 4:30:00 PM,,12/8/1999,,
16,"LEE","Lee Enterprises, Incorporated","Communication Services","Publishing","USA",69.40,,,,0.11,,2.06,1.66,,,-0.06,-121.90%,,-16.30%,3.00%,-1.00%,-325.10%,55.10%,56.16,50.38,5.80%,0.00%,43.00%,-6.33%,3.67%,8.07,-0.40%,8.90%,9.10%,0.80,0.70,,,96.10%,8.10%,-0.50%,4.42%,15.69%,43.90%,21.72%,-18.06%,-16.90%,1.50,0.07,3.86%,6.63%,10.28%,26.48%,31.82%,-1.57%,62.97%,-59.55%,76.06%,66.32,5.93%,0.00%,,229.27,1.16,1.25,5.93%,266164,12/10/2020 8:30:00 AM,,3/17/1970,,
17,"BSQR","BSQUARE Corporation","Technology","Software - Application","USA",17.10,,,,0.33,2.08,,,,,-0.24,34.10%,,-41.00%,,-9.20%,87.90%,-28.80%,13.17,12.33,5.90%,9.79%,28.70%,0.75%,0.07%,0.16,-13.50%,-33.70%,-96.20%,1.80,1.80,0.07,0.19,15.90%,-6.00%,-5.90%,1.50%,-6.25%,3.05%,-11.18%,-2.17%,-2.88%,1.51,0.09,6.27%,6.62%,7.26%,9.41%,7.86%,-12.80%,30.00%,-28.50%,72.29%,60.74,2.14%,3.70%,,55.34,3.22,1.43,5.93%,178074,11/12/2020 4:30:00 PM,1.47,10/20/1999,,
18,"AIHS","Senmiao Technology Limited","Financial","Credit Services","China",45.90,,,,6.29,8.00,10.43,,,,-0.29,-145.10%,,,,,-190.30%,-76.30%,37.80,29.36,32.82%,0.00%,0.90%,92.64%,0.15%,0.01,-80.70%,-358.10%,-58.60%,0.70,0.70,0.63,1.90,29.20%,,,-0.95%,-24.09%,39.22%,60.00%,67.15%,55.22%,,0.12,7.04%,8.98%,-7.50%,-3.75%,57.83%,-44.44%,69.23%,-53.19%,323.08%,47.92,4.76%,0.96%,,5761.97,0.24,1.10,5.77%,1390962,11/20/2020 8:30:00 AM,,3/16/2018,,
19,"DFFN","Diffusion Pharmaceuticals Inc.","Healthcare","Biotechnology","USA",47.40,,,,,1.67,2.16,,,,-0.50,78.90%,21.40%,58.90%,,,88.40%,,64.01,63.88,0.10%,85.22%,10.70%,-2.32%,1.40%,0.90,-56.00%,-63.50%,,8.40,8.40,0.00,0.00,,,,6.08%,7.43%,-9.40%,-24.45%,84.45%,63.23%,1.61,0.05,5.66%,7.86%,7.00%,3.70%,-5.19%,-16.84%,28.90%,-50.62%,216.00%,59.19,2.62%,2.37%,,1001.99,1.27,0.79,5.05%,1272643,,,10/17/2003,,
20,"HNRG","Hallador Energy Company","Energy","Thermal Coal","USA",30.80,,4.48,,0.12,0.17,5.81,1.10,,,-1.99,-888.00%,1250.00%,-50.40%,,5.90%,151.80%,-21.70%,30.47,22.81,3.80%,0.00%,32.70%,-9.01%,1.23%,1.17,-1.20%,-2.70%,-12.00%,1.10,0.40,0.60,0.79,25.60%,1.50%,-2.00%,-4.63%,1.98%,57.64%,63.49%,-66.34%,-65.32%,0.68,0.07,4.48%,7.07%,2.96%,17.03%,34.41%,-9.24%,51.41%,-64.99%,80.00%,57.82,2.86%,1.94%,,239.95,1.18,1.08,4.85%,281990,11/2/2020 4:30:00 PM,,1/20/1997,,
21,"AIRI","Air Industries Group","Industrials","Aerospace & Defense","USA",37.40,,14.88,,0.76,3.22,24.94,,,,-0.08,71.70%,500.00%,-24.00%,,-3.20%,-213.70%,-2.10%,30.62,24.78,20.10%,-1.38%,23.60%,1.05%,0.01%,0.01,-4.10%,-19.50%,0.60%,1.30,0.30,0.62,2.57,12.60%,-5.40%,-4.60%,0.01%,-6.22%,8.19%,-2.45%,-31.21%,-48.26%,1.17,0.08,3.44%,6.68%,-0.16%,5.67%,8.06%,-21.52%,32.11%,-63.10%,106.67%,54.88,3.33%,0.83%,2.00,471.17,1.45,1.24,4.19%,681175,10/29/2020 4:30:00 PM,,10/5/2000,,
22,"BHAT","Fujian Blue Hat Interactive Entertainment Technology Ltd.","Communication Services","Electronic Gaming & Multimedia","China",30.70,3.05,,,1.45,0.66,2.69,,,,0.28,13.50%,,,,,-88.40%,-66.70%,35.14,12.87,64.75%,0.00%,2.50%,183.96%,4.48%,0.80,,,17.80%,3.40,3.40,0.00,0.04,,,,-6.35%,-4.49%,-12.37%,-27.35%,-65.86%,-57.72%,,0.06,4.99%,6.49%,-0.67%,0.69%,-14.55%,-23.25%,15.90%,-64.98%,39.92%,49.90,2.39%,1.41%,,717.77,2.51,0.88,3.84%,1804007,,,7/26/2019,0.89,0.84%
23,"DYNT","Dynatronics Corporation","Healthcare","Medical Devices","USA",12.31,,,,0.25,1.13,5.59,6.15,,,-0.41,-102.10%,85.70%,24.60%,,12.90%,-411.60%,-26.20%,14.08,10.70,18.80%,0.00%,7.90%,5.85%,0.15%,0.07,-12.20%,-43.80%,-16.00%,2.00,1.20,0.52,0.59,28.20%,-7.40%,-9.80%,3.48%,26.86%,29.94%,4.77%,8.37%,4.47%,-0.06,0.05,5.62%,6.87%,12.46%,29.49%,14.99%,2.02%,72.11%,-75.67%,72.11%,72.84,3.46%,0.32%,1.70,207.98,1.40,0.90,3.79%,290141,9/24/2020 8:30:00 AM,,11/16/1983,,
24,"STCN","Steel Connect, Inc.","Industrials","Integrated Freight & Logistics","USA",48.67,,,,0.07,1.00,0.47,0.74,,,-0.26,89.30%,,19.50%,10.00%,6.90%,-233.50%,-24.60%,61.89,54.76,0.90%,0.00%,47.30%,-2.18%,0.07%,0.25,-2.00%,-32.40%,6.40%,1.00,0.90,7.77,7.89,21.90%,3.50%,-2.20%,-0.52%,-2.34%,40.30%,24.44%,-51.02%,-47.16%,1.07,0.09,9.05%,10.31%,-8.55%,11.85%,23.06%,-23.11%,56.80%,-52.68%,98.93%,49.51,-0.04%,3.69%,,159.24,0.84,0.80,3.66%,133824,,,1/25/1994,,
25,"CAPR","Capricor Therapeutics, Inc.","Healthcare","Biotechnology","USA",79.48,,,,158.96,2.53,2.25,,,,-1.07,60.10%,-14.80%,17.30%,,-26.80%,53.90%,-88.10%,20.45,19.93,0.50%,0.00%,6.10%,34.23%,3.84%,1.58,-44.40%,-55.80%,-75.80%,15.60,15.60,0.12,0.12,,,,-7.58%,-3.23%,-26.42%,-19.25%,225.00%,204.69%,6.68,0.22,3.96%,5.61%,-3.44%,-5.02%,-12.82%,-19.04%,5.48%,-67.21%,359.09%,44.42,3.06%,0.51%,2.00,483.41,1.60,4.04,3.59%,773368,11/12/2020 4:30:00 PM,,6/20/2002,4.09,1.24%
26,"SONN","Sonnet BioTherapeutics Holdings, Inc.","Healthcare","Biotechnology","USA",39.71,,,,5.22,11.45,5.44,,,,-27.55,89.10%,,45.70%,,,68.40%,,17.34,16.49,5.10%,0.00%,2.60%,51.88%,5.82%,1.37,,,,1.60,,0.03,0.03,2.60%,,,-2.14%,-11.58%,-6.91%,-40.05%,-84.79%,-85.07%,0.75,0.16,3.90%,6.88%,-6.71%,-7.60%,-42.61%,-22.04%,7.73%,-95.66%,7.73%,43.58,1.28%,2.18%,2.00,700.85,1.18,2.37,3.49%,828184,,,7/27/2005,,
27,"GROW","U.S. Global Investors, Inc.","Financial","Asset Management","USA",71.52,72.19,,,10.36,3.76,8.04,715.18,0.65%,63.00%,0.06,-35.90%,,-3.20%,,-10.70%,156.10%,300.00%,15.08,12.41,2.70%,0.00%,39.60%,25.69%,0.29%,0.36,4.40%,4.90%,-13.70%,5.40,5.40,0.00,0.02,,-13.70%,12.00%,-6.48%,30.14%,86.29%,141.25%,247.37%,220.83%,2.86,0.28,5.69%,6.88%,10.06%,37.06%,83.73%,-4.78%,102.81%,-4.78%,497.50%,67.35,1.06%,2.38%,,99.62,0.86,4.78,3.46%,85612,,,4/24/1985,,
28,"VTNR","Vertex Energy, Inc.","Energy","Oil & Gas Refining & Marketing","USA",30.99,,,,0.23,3.03,1.99,13.47,,,-0.56,-23.00%,93.70%,-3.70%,20.00%,-8.80%,-0.90%,-1.10%,45.56,31.69,6.10%,0.00%,13.30%,-7.67%,2.17%,1.16,-20.40%,-140.30%,-6.80%,1.40,1.30,0.93,1.47,18.20%,-4.60%,-18.40%,4.21%,-9.77%,43.10%,-1.74%,-54.58%,-56.64%,2.52,0.07,7.08%,11.02%,-1.55%,21.41%,16.61%,-30.99%,72.28%,-64.62%,72.28%,57.46,3.34%,0.00%,1.70,594.97,0.66,0.69,3.34%,393847,,,10/21/1992,,
29,"RAVE","RAVE Restaurant Group, Inc.","Consumer Cyclical","Restaurants","USA",16.40,,,,1.80,22.50,5.65,,,,-0.29,-461.60%,,-10.30%,10.00%,-26.90%,-68.50%,-34.50%,15.45,12.91,0.50%,,37.70%,2.05%,0.21%,0.01,-42.80%,-298.80%,-156.80%,2.00,,3.67,3.67,95.80%,-4.90%,-48.50%,2.27%,-0.24%,115.72%,0.50%,-49.44%,-45.45%,0.89,0.10,9.84%,10.88%,-0.80%,12.93%,25.72%,-25.00%,43.08%,-60.59%,144.74%,52.32,2.05%,1.26%,,2333.92,0.33,0.93,3.33%,779731,,,9/1/1993,,
30,"LMFA","LM Funding America, Inc.","Financial","Credit Services","USA",9.90,,,,6.19,0.53,0.81,,,,-1.15,-102.40%,,-16.70%,,-16.90%,-129.90%,-50.00%,15.40,12.91,22.73%,0.00%,23.80%,,0.19%,0.01,-72.90%,-95.90%,,17.00,17.00,0.03,0.00,-7.70%,,,2.06%,-2.90%,4.29%,-51.15%,-20.89%,-17.44%,1.66,0.06,7.50%,9.99%,-2.89%,3.93%,-21.40%,-22.24%,25.00%,-86.48%,120.33%,52.05,3.28%,0.02%,,2700.26,0.30,0.66,3.30%,819094,,,12/8/2015,0.66,0.00%
31,"MRKR","Marker Therapeutics, Inc.","Healthcare","Biotechnology","USA",73.50,,,,105.00,2.07,2.29,,,,-0.51,93.90%,-13.60%,54.40%,,,-11.20%,,46.57,33.67,29.89%,0.00%,29.80%,-0.30%,10.20%,12.75,-49.40%,-56.30%,-51.10%,7.00,7.00,0.00,0.00,,,,-3.77%,-10.00%,0.00%,-21.94%,-52.63%,-46.88%,1.29,0.12,5.81%,7.52%,-1.83%,1.74%,-14.85%,-25.12%,19.70%,-53.94%,19.70%,50.56,3.27%,0.00%,1.50,269.42,1.39,1.58,3.27%,374985,11/9/2020 4:30:00 PM,,1/5/1998,1.58,0.00%
32,"MOHO","ECMOHO Limited","Consumer Cyclical","Specialty Retail","China",78.81,,,,0.23,1.02,1.53,,,,-0.42,104.40%,,,,,-341.80%,-4.50%,34.95,12.24,28.35%,0.00%,0.80%,62.76%,0.60%,0.10,-8.20%,-18.40%,3.70%,1.70,1.20,0.00,0.31,17.40%,-4.20%,-4.30%,4.25%,-38.61%,60.14%,-20.22%,-73.18%,-61.86%,,0.23,3.22%,8.49%,-2.40%,22.79%,-22.51%,-42.71%,76.74%,-80.19%,76.74%,55.06,1.33%,1.81%,3.00,700.97,0.03,2.28,3.17%,20206,11/30/2020 4:30:00 PM,,11/8/2019,,
33,"SLRX","Salarius Pharmaceuticals, Inc.","Healthcare","Biotechnology","USA",17.10,,,,3.56,0.77,1.78,,,,-0.91,93.00%,18.50%,28.30%,,,86.90%,55.60%,17.97,16.26,0.60%,10.55%,25.70%,44.23%,2.87%,0.76,-39.50%,-45.20%,-74.50%,5.70,,0.00,0.04,,,,9.20%,28.99%,12.35%,-32.58%,-77.18%,-76.46%,1.94,0.11,9.05%,15.07%,-0.39%,14.19%,-4.82%,-34.17%,44.79%,-77.68%,64.82%,53.19,-1.26%,4.13%,1.50,614.54,0.90,0.92,2.82%,553195,11/11/2020 4:30:00 PM,,1/29/2015,,
34,"JOB","GEE Group, Inc.","Industrials","Staffing & Employment Services","USA",17.80,1.07,,,0.13,0.40,1.07,89.02,,0.00%,0.95,-83.70%,-15.80%,-26.60%,,30.70%,432.00%,-30.20%,15.79,13.15,11.80%,-12.97%,17.50%,219.70%,0.06%,0.02,15.30%,132.80%,-6.40%,1.30,1.30,1.53,1.73,34.50%,5.70%,13.90%,-1.93%,2.35%,2.35%,69.48%,150.26%,159.82%,2.36,0.05,3.59%,5.29%,-0.86%,3.66%,32.23%,-28.77%,23.81%,-58.23%,520.16%,52.91,0.00%,2.63%,2.00,479.67,0.58,1.04,2.63%,276551,,1.75,9/19/1968,,
35,"HALL","Hallmark Financial Services, Inc.","Financial","Insurance - Property & Casualty","USA",60.09,,14.67,,0.12,0.34,0.32,,,,-6.60,-106.10%,200.00%,-15.40%,4.10%,7.60%,-634.10%,4.10%,18.14,16.86,7.06%,0.00%,52.80%,-18.57%,1.94%,1.83,-8.20%,-57.60%,1.30%,,,0.60,0.60,,-28.60%,-24.60%,-0.60%,-2.94%,22.22%,17.02%,-81.21%,-81.22%,1.47,0.17,3.64%,4.45%,0.91%,6.55%,4.11%,-12.66%,29.50%,-82.15%,48.25%,54.98,0.60%,1.82%,2.50,179.08,1.42,3.38,2.42%,253626,,5.50,9/18/1989,,
36,"SALM","Salem Media Group, Inc.","Communication Services","Broadcasting","USA",27.80,,,,0.12,0.21,1.44,1.15,,,-2.32,-761.50%,100.00%,-47.60%,7.00%,-1.00%,101.60%,-5.50%,26.68,11.12,47.39%,-0.28%,9.90%,-28.31%,6.65%,0.84,-11.40%,-42.20%,-2.50%,0.90,0.90,1.62,1.75,17.40%,-4.70%,-26.20%,-2.36%,-5.05%,-1.43%,-10.00%,-28.62%,-28.13%,1.71,0.05,3.14%,5.27%,-1.33%,4.70%,-0.93%,-13.11%,35.41%,-59.54%,63.08%,52.18,2.91%,-0.48%,1.50,876.98,0.25,1.06,2.42%,217374,11/12/2020 4:30:00 PM,,7/1/1999,,
37,"NAOV","NanoVibronix, Inc.","Healthcare","Medical Devices","USA",16.40,,,,27.34,2.33,5.13,,,,-0.99,-26.10%,,39.60%,,21.20%,46.40%,100.00%,19.31,12.68,0.10%,98.52%,7.20%,10.43%,10.03%,0.32,-218.30%,-418.50%,-417.10%,10.70,10.40,0.00,0.00,26.10%,,,-5.78%,35.67%,4.69%,-64.91%,-71.49%,-71.44%,-0.07,0.12,6.12%,15.95%,-10.98%,12.03%,-42.59%,-64.38%,54.33%,-76.19%,55.75%,48.66,5.49%,-2.95%,2.00,3996.83,0.18,0.83,2.38%,706907,,,5/28/2015,0.83,-0.96%
38,"BIOC","Biocept, Inc.","Healthcare","Diagnostics & Research","USA",64.62,,,,6.04,2.49,3.82,,,,-3.96,86.40%,64.00%,,40.00%,110.60%,82.60%,340.00%,13.40,12.49,0.02%,0.00%,14.90%,-11.86%,4.26%,0.84,-89.80%,-125.10%,-178.70%,2.90,2.50,0.06,0.11,-32.30%,,,-11.13%,5.37%,12.14%,-25.92%,87.65%,64.69%,0.87,0.36,6.01%,7.48%,-3.25%,1.58%,-8.58%,-24.09%,17.27%,-62.92%,128.22%,48.27,0.42%,1.91%,2.00,637.33,0.90,4.82,2.34%,576770,11/12/2020 4:30:00 PM,,2/5/2014,,
39,"RAIL","FreightCar America, Inc.","Industrials","Railroads","USA",40.71,,,,0.44,0.67,,,,,-6.42,-84.80%,67.50%,-5.85%,3.00%,-17.40%,-12.20%,-38.10%,12.43,11.94,2.10%,17.90%,28.70%,-11.35%,4.68%,0.57,-33.10%,-90.10%,-59.30%,1.10,0.60,0.09,0.42,-29.20%,-86.60%,-85.80%,1.58%,49.42%,16.29%,108.94%,13.22%,24.15%,2.27,0.26,6.16%,13.35%,-1.96%,24.41%,56.49%,-23.99%,94.81%,-23.99%,260.27%,55.12,0.00%,2.33%,3.00,982.28,0.30,2.63,2.33%,291204,11/9/2020 4:30:00 PM,2.33,4/6/2005,,
40,"RIBT","RiceBran Technologies","Consumer Defensive","Packaged Foods","USA",26.40,,,,1.05,1.13,6.77,,,,-0.35,-15.80%,73.30%,36.00%,40.00%,-10.00%,32.50%,-1.90%,40.82,39.28,1.30%,2.90%,43.00%,0.95%,0.63%,0.40,-36.10%,-49.40%,-42.90%,1.60,1.40,0.10,0.22,-12.00%,-52.30%,-53.50%,13.90%,3.53%,59.26%,-23.21%,-54.90%,-56.12%,0.40,0.05,8.16%,10.39%,13.99%,17.06%,-13.68%,-12.03%,54.19%,-56.01%,77.37%,64.81,6.42%,-3.88%,2.00,611.58,0.72,0.66,2.29%,442896,11/5/2020 4:30:00 PM,1.00,7/18/2001,,
41,"EPM","Evolution Petroleum Corporation","Energy","Oil & Gas E&P","USA",90.30,,,,3.47,1.35,4.56,,3.68%,,-0.12,-61.20%,,6.50%,,1.20%,-356.90%,-39.10%,32.96,29.79,8.50%,0.00%,74.30%,-0.95%,1.21%,2.97,-4.40%,-5.40%,7.90%,6.40,6.40,0.00,0.00,50.80%,-34.40%,-15.30%,-2.86%,-5.56%,20.35%,-7.80%,-51.86%,-50.27%,1.61,0.18,5.18%,6.86%,-2.34%,8.37%,5.81%,-12.85%,33.01%,-51.48%,33.01%,51.84,-1.07%,3.31%,2.30,121.42,1.03,2.78,2.21%,124491,,4.00,4/11/1996,2.78,0.00%
42,"GVP","GSE Systems, Inc.","Technology","Software - Application","USA",29.10,,23.83,,0.47,2.55,3.78,4.85,,,-0.77,-34.30%,112.80%,-8.00%,,17.20%,47.40%,-35.50%,20.56,16.26,5.50%,19.80%,52.90%,-1.98%,0.05%,0.04,-30.80%,-109.30%,-34.10%,1.10,1.10,0.84,1.19,25.70%,-16.50%,-25.20%,6.72%,24.35%,41.58%,44.44%,-2.88%,-13.33%,1.65,0.10,6.37%,8.80%,15.83%,30.33%,40.65%,-14.12%,50.11%,-24.74%,69.77%,69.41,5.04%,-2.80%,2.00,193.76,0.86,1.46,2.10%,167358,11/16/2020 4:30:00 PM,1.50,7/27/1995,,
43,"REPH","Recro Pharma, Inc.","Healthcare","Drug Manufacturers - Specialty & Generic","USA",76.59,,,,1.03,,,,,,-0.88,105.30%,40.00%,15.70%,,,-146.30%,-23.70%,23.64,23.23,2.10%,-4.42%,75.60%,-5.77%,4.16%,1.11,-23.40%,205.00%,22.80%,3.90,3.20,,,28.50%,-0.90%,-34.10%,-2.60%,29.31%,44.23%,-34.78%,-83.66%,-83.63%,1.24,0.32,9.41%,12.67%,13.05%,38.26%,-26.12%,-29.33%,105.37%,-84.07%,105.37%,59.36,-3.16%,5.33%,1.00,872.41,0.66,3.06,2.00%,577396,11/9/2020 8:30:00 AM,,3/7/2014,3.06,0.00%
44,"MRAM","Everspin Technologies, Inc.","Technology","Semiconductors","USA",86.72,,,,2.08,4.88,6.24,,,,-0.54,21.90%,100.00%,-0.80%,20.00%,8.50%,2.80%,9.80%,18.94,17.93,0.40%,-11.31%,51.50%,-2.10%,1.59%,1.37,-28.90%,-52.10%,-54.80%,2.90,2.30,0.24,0.44,43.30%,-22.70%,-24.00%,-0.85%,-20.95%,-8.84%,-26.47%,-15.64%,-11.79%,1.68,0.31,5.19%,5.80%,-7.22%,-22.61%,-15.53%,-42.32%,10.00%,-47.50%,170.29%,37.64,0.64%,1.29%,1.50,207.43,1.34,4.73,1.94%,278793,11/5/2020 4:30:00 PM,8.00,10/7/2016,,
45,"IFMK","iFresh Inc.","Consumer Defensive","Grocery Stores","USA",23.60,,,,0.26,2.77,3.03,,,,-0.18,42.80%,,-64.50%,,-6.90%,-140.70%,10.50%,27.52,10.33,15.00%,0.00%,0.80%,-29.72%,5.39%,1.97,-3.20%,-211.50%,-62.50%,0.60,0.40,0.26,2.87,20.30%,-6.90%,-4.10%,-4.85%,-4.19%,4.25%,-27.57%,111.29%,91.03%,-3.12,0.06,6.95%,7.35%,-2.60%,-1.91%,-21.29%,-21.80%,12.83%,-72.09%,128.93%,47.98,-0.03%,1.94%,,282.97,0.48,0.79,1.91%,137190,11/24/2020 8:30:00 AM,,2/13/2017,,
46,"AFI","Armstrong Flooring, Inc.","Industrials","Building Products & Equipment","USA",82.98,,,,0.14,0.34,3.74,,,,-2.70,-290.50%,,-59.60%,47.60%,-12.50%,60.70%,-5.40%,21.96,20.97,1.30%,0.00%,78.60%,-9.60%,2.07%,1.20,-11.10%,-22.10%,-20.20%,1.90,0.80,0.25,0.29,15.60%,-8.60%,-9.70%,13.61%,10.03%,2.67%,43.28%,-7.47%,-10.07%,2.84,0.22,6.87%,6.53%,10.05%,11.66%,25.89%,-30.18%,49.24%,-30.18%,249.11%,63.38,0.51%,1.30%,3.00,362.35,0.55,3.91,1.82%,198563,10/21/2020 8:30:00 AM,3.00,3/17/2016,3.91,0.00%
47,"LXU","LSB Industries, Inc.","Basic Materials","Chemicals","USA",82.71,,,,0.25,0.44,1.96,,,,-3.70,8.00%,33.80%,-40.89%,12.00%,-5.90%,24.10%,-2.00%,28.21,25.56,0.60%,0.00%,33.30%,-11.65%,2.36%,3.23,-9.60%,-49.30%,-2.50%,1.40,1.20,2.64,2.73,2.40%,-10.90%,-31.00%,-7.05%,15.42%,61.99%,145.13%,-37.05%,-34.05%,2.86,0.21,5.98%,8.54%,1.81%,16.79%,58.08%,-8.44%,52.43%,-39.48%,182.00%,56.06,0.00%,1.81%,,186.84,0.52,2.82,1.81%,97426,11/5/2020 4:30:00 PM,,11/4/1969,,
48,"BBW","Build-A-Bear Workshop, Inc.","Consumer Cyclical","Specialty Retail","USA",65.10,,13.20,,0.24,1.05,2.52,3.27,,,-1.83,101.40%,127.80%,-59.30%,30.00%,-2.20%,127.40%,6.10%,15.00,13.32,9.00%,-28.52%,61.10%,-8.37%,4.64%,3.96,-9.90%,-40.70%,0.30%,1.00,0.40,0.00,0.00,41.40%,-8.80%,-10.30%,-11.21%,-2.22%,43.48%,90.38%,26.11%,22.22%,1.88,0.27,4.71%,6.55%,-6.94%,0.60%,46.43%,-18.00%,37.83%,-29.05%,299.01%,45.50,1.77%,0.00%,2.00,156.30,1.08,4.03,1.77%,168738,12/3/2020 8:30:00 AM,,10/28/2004,,
49,"SYNC","Synacor, Inc.","Technology","Software - Infrastructure","USA",58.70,,,,0.70,1.72,13.65,,,,-0.31,-18.80%,83.90%,13.30%,25.00%,2.70%,-5.20%,-41.10%,39.50,33.95,3.00%,0.00%,45.60%,-0.36%,0.14%,0.62,-17.80%,-32.10%,-18.60%,0.90,0.90,0.04,0.07,49.00%,-13.30%,-14.50%,-8.06%,-0.35%,-5.00%,22.84%,-8.65%,-6.25%,0.65,0.07,4.42%,5.13%,-0.33%,2.46%,14.75%,-7.64%,20.83%,-15.20%,83.47%,50.23,-1.36%,3.16%,2.30,76.48,1.16,1.45,1.75%,88549,11/11/2020 4:30:00 PM,2.17,2/10/2012,1.45,0.00%
50,"SACH","Sachem Capital Corp.","Real Estate","REIT - Mortgage","USA",92.49,12.46,9.91,,5.85,1.11,17.13,,11.40%,106.40%,0.34,-36.70%,7.59%,20.20%,,51.90%,0.40%,26.50%,22.12,18.72,1.80%,-0.08%,11.10%,-3.56%,0.01%,0.04,5.10%,9.10%,4.50%,,,0.84,0.98,68.20%,48.70%,48.10%,3.19%,1.49%,7.95%,40.33%,-3.22%,-3.00%,1.43,0.12,3.38%,2.84%,3.23%,3.69%,30.83%,-2.73%,10.33%,-6.55%,256.67%,59.35,0.00%,1.66%,1.50,59.74,4.94,4.28,1.66%,295370,,4.75,2/10/2017,,
51,"CNET","ZW Data Action Technologies Inc.","Communication Services","Advertising Agencies","China",33.40,,,,0.73,3.00,66.81,111.34,,,-0.19,91.70%,,44.30%,10.00%,8.90%,-161.30%,-20.60%,21.72,20.19,22.54%,0.00%,0.40%,-3.64%,1.47%,0.17,-22.30%,-37.00%,-14.50%,1.30,1.30,0.01,0.01,9.50%,-9.00%,-8.70%,-7.35%,-14.86%,4.13%,21.15%,6.89%,8.15%,1.80,0.17,5.31%,11.18%,-11.37%,-12.51%,9.53%,-59.75%,4.07%,-59.75%,136.99%,43.64,-0.78%,2.38%,,1788.68,0.99,1.28,1.59%,1767833,,,10/15/2007,1.28,0.00%
52,"NINE","Nine Energy Service, Inc.","Energy","Oil & Gas Equipment & Services","USA",89.61,,,,0.22,1.56,1.12,,,,-19.16,-242.30%,32.90%,-33.70%,,4.70%,11.80%,-75.50%,29.85,15.94,0.10%,0.00%,52.00%,-7.52%,2.23%,1.24,-98.40%,-372.80%,-22.80%,5.40,3.90,6.43,6.46,9.00%,,,1.08%,6.44%,142.24%,44.10%,-63.79%,-64.07%,,0.31,9.50%,13.44%,11.07%,51.56%,75.24%,-8.65%,171.43%,-73.24%,650.00%,64.98,-1.72%,3.20%,3.10,287.46,0.53,2.85,1.42%,151398,11/5/2020 8:30:00 AM,1.79,1/19/2018,,
53,"PFIE","Profire Energy, Inc.","Energy","Oil & Gas Equipment & Services","USA",41.70,,,,1.74,0.91,3.90,,,,-0.08,-66.00%,33.30%,-17.70%,21.00%,-5.30%,-216.00%,-59.60%,47.93,32.13,33.02%,-2.59%,47.40%,4.73%,0.00%,0.01,-7.70%,-8.30%,3.50%,11.80,7.60,0.00,0.00,42.50%,-17.60%,-15.80%,-4.49%,-1.16%,30.17%,10.36%,-41.78%,-41.38%,1.52,0.06,8.26%,6.78%,-3.53%,7.00%,7.83%,-13.13%,34.38%,-43.79%,37.64%,50.11,3.18%,-1.94%,2.70,107.51,0.65,0.86,1.18%,69480,11/10/2020 8:30:00 AM,,5/11/2007,,
54,"SPCB","SuperCom Ltd.","Industrials","Security & Protection Services","Israel",20.10,,,,1.69,2.04,200.98,,,,-0.73,31.10%,,-29.00%,,-11.10%,,-16.40%,16.15,14.21,16.80%,0.00%,14.30%,230.93%,8.68%,0.85,,,-35.90%,1.60,1.40,1.71,1.76,35.50%,-68.10%,,-1.85%,24.41%,47.43%,-38.37%,77.41%,71.00%,0.41,0.10,6.54%,9.92%,-0.49%,15.00%,-2.74%,-35.15%,40.79%,-65.37%,328.00%,55.55,0.94%,0.00%,3.00,1447.81,0.43,1.07,0.94%,617630,,,1/26/2004,1.06,-0.93%
55,"LODE","Comstock Mining Inc.","Real Estate","Real Estate Services","USA",36.20,1.90,,,180.99,0.97,3.18,,,0.00%,0.56,75.40%,-129.10%,,,,4379.20%,2.20%,32.08,27.23,0.50%,89.74%,8.70%,15.64%,0.13%,0.08,42.20%,66.90%,-20.40%,4.10,4.10,0.00,0.14,,,,5.94%,9.18%,-2.73%,11.46%,110.26%,142.41%,1.44,0.06,4.16%,5.52%,3.65%,4.01%,29.81%,-16.92%,16.74%,-49.06%,227.27%,56.52,3.85%,-2.80%,,455.67,0.85,1.08,0.93%,387927,11/17/2020 8:30:00 AM,,2/28/2002,1.08,0.00%
56,"MCHX","Marchex, Inc.","Communication Services","Advertising Agencies","USA",82.71,,,,0.78,1.45,1.85,,,,-0.71,-40.90%,-27.30%,31.10%,15.00%,-9.40%,-192.10%,6.90%,47.13,32.60,5.30%,245.28%,78.50%,-2.78%,1.27%,5.78,-31.10%,-42.10%,-4.80%,2.40,2.40,0.00,0.08,42.70%,-34.40%,-31.70%,-0.92%,-1.38%,3.37%,43.33%,-44.87%,-43.12%,1.89,0.11,5.15%,5.02%,-2.56%,8.09%,24.28%,-12.85%,29.17%,-46.42%,97.27%,52.25,1.88%,-0.93%,2.00,71.91,0.28,2.17,0.93%,20400,11/4/2020 4:30:00 PM,3.75,3/31/2004,,
57,"ICON","Iconix Brand Group, Inc.","Consumer Cyclical","Apparel Manufacturing","USA",14.80,,,,0.13,,0.21,0.44,,,-9.93,36.20%,,-20.90%,15.00%,-17.60%,147.80%,-31.00%,13.17,12.75,4.24%,0.00%,15.60%,35.52%,0.86%,0.08,-18.90%,29.90%,-10.70%,1.30,1.30,,,,4.70%,-74.80%,-0.89%,14.10%,50.00%,19.73%,-8.26%,-17.78%,2.31,0.10,5.86%,10.53%,5.19%,29.35%,29.91%,-17.65%,85.12%,-41.67%,120.82%,58.85,-1.75%,2.70%,2.00,1362.09,0.08,1.12,0.90%,107646,,,1/22/1990,,
58,"KTRA","Kintara Therapeutics, Inc.","Healthcare","Biotechnology","USA",33.50,,,,,,1.48,,,,-1.99,72.30%,97.30%,28.20%,,,-522.30%,,17.11,16.05,1.60%,0.00%,1.20%,19.07%,0.99%,0.43,-320.90%,,,9.60,9.60,,,,,,2.24%,1.47%,-1.44%,94.33%,154.22%,98.64%,1.64,0.12,6.22%,7.76%,-0.22%,-1.72%,30.55%,-23.33%,16.95%,-29.23%,263.16%,48.84,0.73%,0.00%,2.00,371.79,1.03,1.38,0.73%,382138,,,2/22/2013,,
59,"SPRT","Support.com, Inc.","Technology","Software - Application","USA",39.01,69.49,,6.95,0.84,1.18,1.31,10.00,,0.00%,0.03,141.80%,,24.60%,10.00%,-5.30%,-134.40%,-32.20%,19.24,15.29,8.50%,-1.24%,32.30%,-3.45%,0.14%,0.18,1.50%,1.70%,8.40%,8.70,8.70,0.00,0.00,31.80%,-0.20%,1.30%,-0.25%,7.10%,18.45%,54.43%,94.84%,91.27%,0.46,0.09,4.75%,4.53%,1.98%,1.33%,28.09%,-14.45%,14.25%,-14.45%,125.81%,53.62,-0.47%,1.21%,2.00,122.55,0.38,2.10,0.73%,46705,,,7/19/2000,,
60,"FARM","Farmer Bros. Co.","Consumer Defensive","Packaged Foods","USA",72.81,,,,0.16,0.69,6.62,,,,-2.80,49.90%,68.80%,-24.46%,30.00%,-1.70%,-243.10%,-29.80%,17.42,13.97,3.20%,0.00%,91.40%,-1.21%,2.97%,3.79,,,-15.80%,1.70,0.80,0.67,0.00,26.10%,,,0.73%,-12.50%,-5.49%,-37.04%,-71.57%,-72.58%,1.57,0.20,3.64%,4.82%,-1.23%,-1.03%,-32.76%,-12.42%,22.35%,-72.85%,22.35%,48.72,-0.24%,0.97%,3.00,109.32,1.67,4.16,0.73%,182356,11/5/2020 4:30:00 PM,5.00,3/17/1980,4.21,1.20%
61,"LAIX","LAIX Inc.","Consumer Defensive","Education & Training Services","China",70.70,,,,0.48,,1.41,,,,-1.73,-8.20%,1.40%,,,,67.00%,-8.70%,49.47,29.44,,,36.70%,-0.02%,0.21%,0.51,-75.40%,107.80%,180.50%,0.40,0.40,,,69.40%,-60.00%,-58.40%,-1.41%,-20.90%,-28.21%,-44.00%,-76.86%,-71.19%,,0.09,4.03%,6.67%,-3.52%,-16.46%,-44.33%,-44.49%,3.68%,-78.14%,3.68%,39.77,-0.70%,1.43%,4.00,123.69,0.73,1.41,0.71%,89733,,1.50,9/27/2018,1.41,0.00%
62,"ANIX","Anixa Biosciences, Inc.","Healthcare","Diagnostics & Research","USA",67.29,,,,,7.70,7.48,,,,-0.46,25.90%,-8.50%,11.80%,,-41.60%,-3.90%,,23.17,22.37,5.40%,5.63%,7.70%,14.41%,3.23%,1.29,-142.50%,-160.80%,-228.70%,7.60,7.60,0.00,0.00,,,,5.17%,39.71%,14.46%,5.95%,-3.06%,-13.11%,1.58,0.36,10.46%,15.78%,1.41%,17.65%,22.89%,-46.85%,50.26%,-46.85%,115.79%,56.80,1.06%,-0.35%,2.00,559.64,1.08,2.87,0.70%,606267,,,10/7/1983,,
63,"BOXL","Boxlight Corporation","Technology","Communication Equipment","USA",86.49,,41.25,,3.06,1.65,9.01,,,,-0.62,-21.60%,113.80%,-50.40%,,,-116.90%,-15.90%,44.22,38.01,1.00%,-82.86%,13.80%,48.00%,9.87%,1.04,-22.60%,-80.70%,-141.80%,1.80,1.10,0.25,0.51,24.60%,-33.10%,-38.30%,-2.94%,14.58%,-0.60%,105.97%,57.14%,48.65%,,0.13,5.44%,7.76%,0.32%,7.51%,21.64%,-16.16%,28.68%,-64.30%,403.03%,51.55,-1.19%,1.82%,1.70,3609.34,0.50,1.66,0.61%,1801554,11/16/2020 4:30:00 PM,,11/30/2017,1.65,-0.61%
64,"SNSS","Sunesis Pharmaceuticals, Inc.","Healthcare","Biotechnology","USA",34.71,,,,15.78,1.56,1.33,,,,-1.86,64.20%,-34.80%,42.60%,,-18.40%,48.50%,,15.93,14.25,0.11%,0.00%,42.90%,70.72%,6.76%,1.02,-72.30%,-179.10%,-109.80%,7.70,7.70,0.00,0.00,,,,-0.53%,36.76%,36.76%,-34.74%,-46.30%,-44.92%,2.28,0.12,5.39%,7.68%,3.34%,26.31%,-34.88%,-9.66%,66.96%,-83.45%,66.96%,60.98,-1.06%,1.61%,3.00,942.41,0.74,1.87,0.54%,695107,11/16/2020 4:30:00 PM,3.25,9/27/2005,,
65,"IMBI","iMedia Brands, Inc.","Consumer Cyclical","Internet Retail","USA",55.09,,,,0.12,1.72,2.90,275.46,,,-3.41,-125.00%,9.40%,-44.99%,30.00%,-5.70%,56.20%,-5.40%,12.18,10.10,2.40%,380.50%,17.70%,134.85%,0.35%,0.56,-13.40%,-146.20%,-59.80%,1.20,0.70,1.72,1.82,35.30%,-5.30%,-6.40%,-12.42%,-31.95%,-27.61%,24.32%,12.05%,2.51%,2.75,0.40,7.78%,6.38%,-18.77%,-25.96%,-4.60%,-47.10%,4.58%,-53.61%,204.44%,31.67,0.24%,0.24%,2.00,63.00,1.39,4.11,0.49%,87526,11/24/2020 8:30:00 AM,,6/28/1991,4.29,4.38%
66,"MIND","MIND Technology, Inc.","Technology","Scientific & Technical Instruments","USA",27.71,,,,0.99,0.87,10.26,,,,-1.36,38.30%,-60.00%,-8.30%,15.00%,-12.50%,-57.10%,-20.70%,12.31,12.13,4.90%,15.81%,48.00%,-6.33%,0.16%,0.09,-47.00%,-59.60%,-23.60%,4.30,2.40,0.05,0.05,38.20%,-48.90%,-81.10%,-3.11%,2.83%,5.83%,36.25%,-18.35%,-24.04%,1.95,0.25,5.84%,12.57%,-5.10%,-0.82%,17.23%,-33.43%,28.82%,-34.29%,212.86%,47.77,-0.45%,0.92%,3.00,210.51,0.44,2.19,0.46%,92833,12/3/2020 4:30:00 PM,,12/19/1994,,
67,"VOC","VOC Energy Trust","Energy","Oil & Gas E&P","USA",42.01,7.42,,,6.09,2.06,52.51,,14.11%,126.20%,0.33,-2.10%,,-17.80%,,-17.10%,-100.00%,,17.00,17.00,,,4.80%,-6.06%,0.18%,0.12,17.80%,17.80%,18.70%,,,0.00,0.00,,,80.60%,-11.23%,9.55%,80.52%,8.56%,-47.61%,-47.95%,1.83,0.16,6.78%,6.86%,0.66%,17.24%,27.70%,-18.03%,69.72%,-52.83%,91.27%,54.41,-3.21%,3.32%,,253.03,0.19,2.41,0.00%,46855,,,5/5/2011,,
68,"PZG","Paramount Gold Nevada Corp.","Basic Materials","Gold","USA",36.99,,,,46.24,0.78,8.22,,,,-0.24,-1.00%,,18.30%,,39.80%,-7.80%,,33.72,26.43,0.70%,6.74%,8.20%,97.65%,0.52%,1.18,-13.00%,-14.80%,,8.70,8.70,0.11,0.11,23.50%,,,-2.68%,12.14%,-6.84%,-5.22%,41.85%,40.94%,1.99,0.05,3.36%,4.69%,-1.18%,-1.64%,-1.30%,-13.49%,13.54%,-26.35%,131.18%,48.86,-2.68%,2.75%,1.50,116.96,0.49,1.09,0.00%,56846,,,4/10/2015,,
69,"TURN","180 Degree Capital Corp.","Financial","Asset Management","USA",66.91,,,,41.82,0.79,8.47,33.45,,,-0.12,,,24.40%,30.00%,11.60%,-217.10%,50.00%,31.12,29.22,5.20%,13.93%,33.20%,2.45%,0.20%,0.68,-4.30%,-4.40%,-5.10%,,,0.00,0.00,,,,13.37%,4.43%,11.58%,19.10%,0.04%,-1.40%,1.06,0.14,13.07%,6.01%,6.64%,11.56%,21.45%,-21.19%,27.71%,-21.19%,103.85%,63.91,-3.20%,3.30%,,86.73,1.76,2.12,0.00%,152313,11/18/2020 4:30:00 PM,,3/16/1983,,
70,"DOGZ","Dogness (International) Corporation","Consumer Defensive","Household & Personal Products","China",48.19,,8.22,,2.51,0.96,10.04,,,,-0.33,-694.30%,109.09%,-27.40%,,4.40%,-569.20%,-49.70%,25.91,16.85,,,0.10%,88.89%,1.12%,0.24,-12.40%,-14.60%,-15.80%,1.10,0.80,0.00,0.10,12.50%,-45.30%,-44.00%,-0.53%,-21.25%,78.02%,24.24%,37.62%,42.11%,,0.19,8.21%,9.95%,-3.85%,-9.01%,33.77%,-44.74%,78.30%,-44.74%,143.24%,46.15,0.00%,0.00%,,798.59,0.12,1.89,0.00%,95373,,,12/20/2017,1.88,-0.53%
71,"USIO","Usio, Inc.","Technology","Software - Infrastructure","USA",72.99,,,,2.42,2.90,6.40,23.55,,,-0.34,-26.80%,57.70%,-24.20%,,16.10%,36.30%,14.10%,15.47,15.39,10.60%,37.96%,12.40%,,0.33%,0.18,-7.70%,-50.80%,-68.00%,1.20,1.20,0.03,0.05,21.30%,-14.90%,-15.20%,45.00%,84.71%,97.95%,44.28%,69.59%,85.90%,1.62,0.22,13.83%,10.07%,42.40%,66.72%,56.47%,-6.45%,102.80%,-22.04%,285.64%,80.64,-2.03%,2.07%,1.80,281.99,1.47,2.90,0.00%,414164,11/12/2020 4:30:00 PM,4.10,12/9/1999,,
72,"ZCMD","Zhongchao Inc.","Healthcare","Health Information Services","China",45.60,9.41,,,3.06,,5.85,456.02,,0.00%,0.19,28.80%,,,,,-15.70%,21.10%,25.91,12.19,37.24%,0.00%,0.10%,117.55%,0.09%,0.03,,,21.10%,6.20,6.20,0.00,0.00,68.70%,24.60%,27.20%,-16.39%,-3.30%,0.57%,-19.63%,,-56.00%,,0.13,8.41%,6.78%,-2.49%,-3.72%,-15.27%,-40.94%,6.02%,-66.48%,10.69%,47.45,1.73%,-1.70%,,328.19,0.20,1.76,0.00%,66223,,,2/24/2020,,
73,"ALNA","Allena Pharmaceuticals, Inc.","Healthcare","Biotechnology","USA",63.59,,,,,2.72,2.11,,,,-1.27,-24.20%,21.50%,,,,60.90%,,36.26,27.09,0.90%,-28.97%,35.60%,-0.62%,4.84%,0.95,-114.20%,-210.80%,,8.00,8.00,0.54,0.54,,,,-0.73%,1.49%,10.57%,-13.92%,-39.01%,-50.18%,,0.09,6.74%,7.09%,3.23%,-0.14%,-6.59%,-16.56%,17.24%,-59.88%,159.05%,52.41,-1.45%,1.47%,1.70,1382.63,0.75,1.36,0.00%,1037908,,,11/2/2017,,
74,"AZRX","AzurRx BioPharma, Inc.","Healthcare","Biotechnology","USA",24.29,,,,,1.61,2.13,,,,-0.88,22.80%,42.10%,-22.50%,,,-181.20%,,28.52,27.04,11.09%,0.00%,5.20%,11.05%,0.41%,0.69,-243.00%,-472.30%,,4.40,4.40,0.00,0.00,,,,-2.38%,1.36%,9.53%,-12.12%,-25.41%,-23.97%,1.77,0.05,6.31%,5.76%,1.13%,3.37%,-0.45%,-9.18%,17.89%,-59.24%,113.01%,53.55,0.00%,-0.09%,2.00,160.72,1.30,0.79,-0.09%,208650,,,10/11/2016,,
75,"CPSS","Consumer Portfolio Services, Inc.","Financial","Credit Services","USA",93.62,5.76,5.83,0.29,0.29,0.75,8.28,0.40,,0.00%,0.74,-62.20%,-19.49%,-24.60%,20.00%,2.90%,106.40%,-13.70%,22.67,14.13,2.20%,-24.12%,49.90%,0.03%,1.32%,1.28,0.70%,12.20%,0.20%,,,16.59,16.59,66.60%,11.80%,5.50%,-0.12%,5.47%,33.33%,44.71%,28.10%,25.82%,2.59,0.18,4.88%,3.91%,3.51%,4.93%,34.66%,-9.62%,24.78%,-17.38%,323.00%,60.89,-1.63%,1.42%,2.00,145.88,0.08,4.23,-0.24%,11569,10/20/2020 8:30:00 AM,4.50,10/22/1992,,
76,"APEN","Apollo Endosurgery, Inc.","Healthcare","Medical Devices","USA",91.29,,,,2.22,7.98,2.44,,,,-1.24,45.00%,25.70%,56.00%,,58.40%,72.20%,13.30%,23.11,17.93,1.40%,,59.70%,17.54%,1.85%,2.37,-37.30%,,-43.20%,3.10,2.50,4.69,5.49,50.70%,-47.40%,-63.90%,-0.28%,27.76%,154.61%,117.58%,23.52%,25.96%,2.22,0.37,7.24%,12.36%,-5.53%,30.12%,78.50%,-30.49%,122.36%,-30.49%,188.71%,53.97,-0.28%,0.00%,2.00,139.62,0.66,3.58,-0.28%,91519,,,12/9/2005,,
77,"GENE","Genetic Technologies Limited","Healthcare","Diagnostics & Research","Australia",43.51,,,,,2.94,4.03,,,,-0.67,-157.90%,,29.10%,,,-228.60%,31.80%,13.77,11.92,86.50%,0.00%,1.40%,-13.00%,8.79%,1.13,-89.20%,-118.00%,,10.90,10.80,0.02,0.04,,,,4.48%,14.39%,7.70%,64.33%,89.14%,75.88%,2.66,0.26,4.75%,8.49%,1.53%,7.03%,19.42%,-33.40%,25.99%,-66.12%,147.82%,52.74,-2.24%,1.99%,,924.76,0.32,3.49,-0.29%,298498,,,7/27/2005,,
78,"JT","Jianpu Technology Inc.","Financial","Credit Services","China",61.69,,,,0.25,0.04,0.58,,,,-21.19,-119.50%,,,,,-156.70%,-61.00%,21.13,13.99,,,26.00%,-2.13%,1.37%,1.37,-17.80%,-26.90%,-36.60%,2.90,2.90,0.00,0.05,91.80%,-28.20%,-22.30%,5.82%,1.39%,-31.37%,-47.47%,-74.20%,-75.59%,,0.24,8.14%,8.89%,4.30%,-15.48%,-43.19%,-65.48%,20.83%,-78.55%,20.83%,49.07,-0.34%,0.00%,2.00,139.92,1.15,2.90,-0.34%,161220,,1.13,11/16/2017,2.86,-1.38%
79,"AEHR","Aehr Test Systems","Technology","Semiconductor Equipment & Materials","USA",57.80,,,,3.07,4.66,9.17,,,,-0.10,47.60%,,26.00%,20.00%,17.30%,125.10%,-63.60%,23.25,20.00,8.00%,-4.05%,24.10%,-8.50%,0.90%,0.55,-10.70%,-15.50%,-17.70%,3.80,1.90,0.06,0.13,33.70%,-12.30%,-12.20%,11.76%,46.15%,61.44%,26.02%,22.28%,23.50%,1.23,0.14,5.67%,7.00%,18.78%,47.85%,43.69%,-3.53%,113.91%,-11.51%,123.64%,78.19,-2.38%,2.02%,,326.66,0.41,2.46,-0.40%,134451,9/24/2020 4:30:00 PM,,8/15/1997,,
80,"ISR","Isoray, Inc.","Healthcare","Medical Instruments & Supplies","USA",41.50,,,,4.28,6.71,,,,,-0.05,33.50%,25.00%,5.30%,,16.00%,14.50%,4.30%,87.23,86.06,0.40%,,7.90%,-3.15%,0.73%,0.57,-38.80%,-58.90%,-61.00%,3.10,2.70,0.00,0.00,52.70%,-33.90%,-34.40%,-2.08%,28.77%,-13.75%,-19.22%,-22.85%,-24.73%,1.84,0.04,9.53%,9.08%,8.39%,12.53%,-19.27%,-19.17%,32.95%,-55.85%,32.95%,57.60,-4.49%,4.26%,2.00,1105.86,0.89,0.47,-0.43%,983062,11/10/2020 4:30:00 PM,,11/10/2005,,
81,"CANF","Can-Fite BioPharma Ltd.","Healthcare","Biotechnology","Israel",28.52,,,,35.42,2.94,,,,,-1.47,62.70%,44.70%,,,,,-81.70%,15.41,14.76,1.19%,0.00%,7.72%,,1.73%,0.57,,,,,,,,,,,1.09%,1.65%,6.94%,-1.60%,-52.44%,-43.94%,,0.11,4.29%,6.40%,-1.68%,0.65%,-2.38%,-17.12%,12.20%,-54.69%,70.37%,48.57,0.00%,-0.54%,2.00,448.63,0.48,1.84,-0.54%,214637,11/30/2020 8:30:00 AM,,11/1/2012,1.84,0.00%
82,"IGC","India Globalization Capital, Inc.","Industrials","Conglomerates","USA",78.30,,,,60.23,3.07,15.35,,,,-0.21,-60.00%,,9.90%,,-11.90%,-34.80%,-94.40%,41.24,37.28,8.30%,-3.38%,5.00%,8.75%,6.46%,0.71,-28.90%,-31.70%,-28.70%,7.20,3.70,0.02,0.03,9.00%,,,0.00%,18.24%,69.90%,243.14%,184.51%,177.78%,5.24,0.20,8.95%,13.27%,-5.75%,15.53%,80.70%,-34.59%,58.18%,-61.33%,561.60%,51.77,-0.57%,0.00%,,3403.80,0.33,1.74,-0.57%,1118010,,,4/13/2006,1.74,0.00%
83,"CCNC","Code Chain New Continent Limited","Industrials","Waste Management","China",47.80,,,,5.37,2.04,10.17,,,,-0.03,-12.60%,,,,,-292.90%,-62.70%,28.79,17.86,13.60%,0.00%,,152.02%,0.26%,0.06,,,-7.00%,2.90,2.60,0.00,0.02,-3.60%,,,6.13%,9.49%,86.66%,-9.42%,127.60%,44.17%,0.93,0.17,6.87%,9.99%,3.80%,2.05%,6.99%,-58.05%,124.28%,-58.05%,145.68%,53.11,-4.97%,4.62%,,744.51,0.30,1.72,-0.58%,219716,,,12/29/2015,,
84,"AGE","AgeX Therapeutics, Inc.","Healthcare","Biotechnology","USA",62.90,,,,33.10,,57.18,,,,-0.30,-51.80%,,,,,21.10%,0.00%,37.68,21.21,0.10%,0.00%,13.30%,-3.95%,4.25%,0.16,-207.10%,964.50%,-343.40%,0.40,0.40,,,89.60%,,,0.61%,-5.68%,97.62%,66.00%,-1.78%,-8.79%,,0.10,4.55%,5.80%,-2.83%,-1.13%,44.58%,-17.09%,17.02%,-58.02%,147.75%,48.45,-3.51%,3.01%,,5734.36,0.06,1.65,-0.60%,317404,,,11/29/2018,,
85,"STRM","Streamline Health Solutions, Inc.","Healthcare","Health Information Services","USA",51.00,,,,3.86,2.67,17.00,,,,-0.19,129.80%,-11.80%,16.30%,15.00%,-5.60%,-122.60%,-25.70%,30.29,24.61,2.40%,0.00%,44.00%,0.84%,0.05%,0.17,-3.20%,-5.00%,-11.60%,0.90,0.90,0.04,0.13,51.30%,-53.30%,-7.00%,-2.98%,5.84%,11.64%,20.74%,20.74%,17.27%,0.78,0.08,3.06%,5.98%,-2.72%,3.75%,27.70%,-15.62%,24.62%,-15.62%,206.24%,49.72,-2.41%,1.84%,2.00,69.54,0.71,1.62,-0.61%,49259,12/8/2020 4:30:00 PM,2.50,4/18/1996,,
86,"AHC","A.H. Belo Corporation","Communication Services","Publishing","USA",30.61,,,,0.19,0.63,0.71,,10.89%,,-0.29,137.00%,,-35.40%,,-7.60%,97.50%,-12.50%,21.41,18.34,2.78%,0.00%,56.40%,-1.73%,0.08%,0.27,-4.60%,-11.70%,8.90%,2.80,2.70,0.00,0.00,92.60%,-8.80%,-3.90%,-0.04%,-3.96%,8.04%,-11.48%,-50.02%,-47.89%,0.49,0.06,4.47%,4.17%,-1.41%,0.69%,-5.44%,-8.75%,10.61%,-52.13%,13.18%,48.73,-0.68%,0.04%,,51.30,3.18,1.46,-0.64%,163351,10/27/2020 8:30:00 AM,,1/23/2008,,
87,"ARC","ARC Document Solutions, Inc.","Industrials","Specialty Business Services","USA",61.40,10.68,,1.07,0.19,0.41,1.22,1.19,2.82%,22.50%,0.13,-66.00%,,-15.40%,10.00%,-2.00%,172.20%,-23.10%,42.75,35.46,2.80%,-42.40%,46.40%,-6.25%,0.85%,1.12,1.60%,4.00%,3.20%,1.40,1.30,0.60,0.72,32.30%,3.90%,1.80%,-2.74%,7.58%,52.41%,79.75%,-2.07%,2.16%,1.64,0.07,3.33%,6.01%,1.77%,7.77%,37.45%,-9.62%,41.00%,-11.88%,314.71%,55.43,0.71%,-1.41%,,270.40,0.39,1.41,-0.70%,104891,,,2/4/2005,1.43,1.42%
88,"CWBR","CohBar, Inc.","Healthcare","Biotechnology","USA",77.71,,,,,3.71,3.32,,,,-0.34,20.00%,-6.50%,-16.70%,,,17.50%,,50.20,43.88,2.70%,0.47%,12.40%,63.58%,4.73%,4.24,-97.40%,-150.60%,,10.30,10.30,0.16,0.19,,,,-8.44%,11.90%,39.60%,-24.19%,-12.96%,-11.88%,2.67,0.10,8.36%,7.82%,7.49%,23.73%,-11.03%,-11.39%,60.00%,-67.06%,64.71%,59.47,-1.41%,0.71%,2.00,489.55,1.07,1.40,-0.71%,525017,11/16/2020 4:30:00 PM,,1/28/2015,1.40,0.00%
89,"HOFV","Hall of Fame Resort & Entertainment Company","Communication Services","Entertainment","USA",70.90,,,,13.38,0.28,8.97,,,,-2.11,-103.70%,,,,,-748.20%,-22.90%,32.58,14.90,38.70%,1.57%,1.50%,84.22%,1.83%,0.08,-44.50%,-64.30%,,,,0.00,0.72,,,,-5.11%,-5.11%,-49.02%,-84.41%,-82.27%,-82.55%,,0.08,5.09%,6.18%,-6.45%,-25.11%,-74.37%,-80.00%,18.35%,-89.52%,18.35%,39.02,-1.53%,0.77%,,3514.60,0.32,1.29,-0.77%,1116414,,,3/12/2018,,
90,"PHX","PHX Minerals Inc.","Energy","Oil & Gas E&P","USA",51.69,,,,2.14,0.70,4.83,5.74,1.72%,,-1.45,42.10%,0.00%,-35.30%,,-15.70%,97.10%,-40.90%,18.92,17.84,18.60%,6.79%,44.00%,7.38%,0.74%,0.65,-22.90%,-36.80%,-30.00%,4.00,4.00,0.43,0.46,75.60%,,-99.50%,1.75%,23.40%,45.00%,-8.66%,-79.34%,-79.30%,1.16,0.21,11.54%,10.95%,8.29%,25.85%,-13.33%,-12.84%,69.34%,-79.84%,69.34%,57.92,-2.95%,2.16%,1.00,203.31,0.68,2.30,-0.86%,137715,12/10/2020 4:30:00 PM,3.50,2/3/1992,2.32,0.87%
91,"FEDU","Four Seasons Education (Cayman) Inc.","Consumer Defensive","Education & Training Services","China",49.50,,,,1.02,0.47,0.71,,8.49%,,-0.47,,,,,,-83.30%,-34.90%,46.26,13.09,2.73%,0.00%,6.20%,-22.38%,0.12%,0.08,-12.70%,-19.90%,-21.40%,2.00,2.00,0.00,0.00,42.80%,-54.40%,-44.20%,6.00%,17.78%,41.33%,-10.55%,-41.80%,-33.75%,,0.07,5.90%,8.21%,4.85%,12.14%,-2.73%,-17.97%,31.00%,-46.68%,67.87%,56.45,1.94%,-2.83%,3.00,197.49,1.93,1.05,-0.94%,381150,10/26/2020 8:30:00 AM,,11/8/2017,1.05,0.00%
92,"WTER","The Alkaline Water Company Inc.","Consumer Defensive","Beverages - Non-Alcoholic","USA",78.80,,,,1.73,13.12,19.70,,,,-0.27,-27.70%,36.40%,35.90%,,61.90%,7.70%,3.80%,67.89,67.85,7.70%,0.00%,7.50%,40.38%,5.27%,2.06,-90.40%,-340.10%,-161.60%,1.40,1.00,0.02,0.89,40.70%,-29.80%,-31.30%,-1.87%,-12.50%,-16.00%,-32.69%,-7.08%,-17.32%,2.61,0.07,6.20%,6.37%,-4.28%,-15.67%,-21.03%,-41.90%,1.96%,-60.00%,160.00%,40.76,-2.80%,1.90%,2.30,1734.47,0.77,1.04,-0.95%,1327042,11/16/2020 4:30:00 PM,,5/28/2013,1.04,0.00%
93,"HSDT","Helius Medical Technologies, Inc.","Healthcare","Medical Devices","USA",20.20,,,,33.67,2.58,3.81,,,,-0.51,70.50%,,15.50%,,,,-80.00%,40.62,35.81,0.40%,0.00%,8.80%,7.96%,2.52%,4.64,-157.10%,-241.60%,-413.70%,3.30,3.00,0.00,0.00,20.50%,,,-0.72%,3.08%,5.75%,7.57%,-60.76%,-57.53%,0.73,0.03,7.77%,7.95%,0.40%,0.32%,-6.39%,-16.73%,13.33%,-72.62%,63.86%,51.59,0.49%,-1.46%,,194.33,4.14,0.41,-0.97%,803719,11/12/2020 4:30:00 PM,,6/27/2014,,
94,"VOLT","Volt Information Sciences, Inc.","Industrials","Staffing & Employment Services","USA",38.39,,9.21,,0.04,0.94,,10.66,,,-1.02,53.70%,119.60%,-34.70%,,-10.20%,21.70%,-20.30%,21.59,13.30,3.40%,19.68%,26.40%,-15.98%,0.09%,0.09,-9.10%,-52.00%,-12.00%,2.10,2.10,1.46,1.46,15.70%,-2.00%,-2.50%,-9.33%,-2.78%,17.44%,35.65%,-26.78%,-29.44%,2.45,0.14,6.15%,8.43%,-13.23%,0.90%,36.44%,-26.38%,36.22%,-46.44%,166.15%,43.71,0.00%,-1.14%,,127.07,0.32,1.73,-1.14%,40877,,,11/1/1982,,
95,"WTT","Wireless Telecom Group, Inc.","Technology","Communication Equipment","USA",37.09,,,,0.86,1.19,16.86,61.82,,,-0.11,,50.00%,-16.80%,,3.90%,-61.70%,0.90%,21.70,19.74,0.20%,0.00%,33.50%,-0.44%,0.10%,0.32,-4.70%,-7.50%,-0.30%,1.90,1.10,0.30,0.31,49.70%,-5.30%,-5.50%,-7.18%,10.53%,20.86%,86.67%,24.44%,17.48%,0.83,0.14,7.92%,8.49%,-7.66%,5.09%,35.70%,-35.66%,24.81%,-35.66%,133.80%,46.98,0.00%,-1.19%,2.00,62.50,0.97,1.66,-1.19%,60511,11/13/2020 8:30:00 AM,,10/21/1991,,
96,"GNLN","Greenlane Holdings, Inc.","Healthcare","Pharmaceutical Retailers","USA",55.81,,,,0.40,2.87,1.40,,,,-0.45,-388.60%,84.10%,,,,-414.50%,-20.30%,12.80,12.59,0.40%,-88.38%,36.20%,3.61%,5.37%,1.98,-10.30%,-67.80%,-113.80%,2.70,1.70,0.50,0.52,16.60%,-34.50%,-10.00%,-3.72%,44.25%,100.97%,5.21%,35.29%,27.19%,,0.39,7.86%,11.54%,-3.50%,18.92%,37.83%,-17.87%,69.71%,-17.87%,301.61%,53.03,-1.45%,0.24%,1.60,341.57,0.80,4.09,-1.21%,274315,11/12/2020 8:30:00 AM,5.40,4/18/2019,4.16,1.71%
97,"NNA","Navios Maritime Acquisition Corporation","Energy","Oil & Gas Midstream","Monaco",54.60,1.21,21.64,,0.15,0.15,0.92,,30.06%,45.50%,2.62,43.40%,-93.70%,-44.80%,-1.00%,1.10%,104.70%,33.60%,16.10,10.80,71.20%,0.00%,4.10%,-1.12%,0.36%,0.23,2.70%,12.80%,3.00%,1.00,1.00,3.08,3.34,91.00%,38.10%,11.10%,-3.36%,-30.85%,-21.59%,-17.28%,-63.34%,-62.82%,2.19,0.20,4.54%,5.96%,-10.91%,-18.11%,-29.52%,-35.40%,4.00%,-66.01%,49.28%,35.57,-1.27%,0.00%,3.00,171.34,0.70,3.12,-1.27%,120649,12/1/2020 8:30:00 AM,3.75,7/7/2008,,
98,"RNWK","RealNetworks, Inc.","Communication Services","Electronic Gaming & Multimedia","USA",57.01,,,,0.61,1.55,,,,,-0.45,20.80%,,23.40%,,2.00%,38.20%,-6.20%,38.27,20.79,1.10%,0.00%,27.40%,-2.05%,1.81%,0.94,-11.30%,-44.60%,-67.00%,1.10,1.10,0.06,0.17,60.40%,-16.60%,-18.80%,2.80%,-3.92%,23.53%,17.60%,13.08%,22.50%,1.60,0.09,6.01%,6.21%,-4.10%,-1.96%,14.92%,-27.50%,18.85%,-35.27%,353.13%,47.35,-3.33%,2.04%,,402.00,0.47,1.45,-1.36%,189156,11/3/2020 4:30:00 PM,,11/21/1997,,
99,"ATHE","Alterity Therapeutics Limited","Healthcare","Biotechnology","Australia",51.90,,,,,4.14,,,,,-0.68,25.00%,,-5.10%,,,2.90%,,15.36,12.46,18.70%,0.00%,2.20%,39.27%,0.46%,0.03,-92.10%,-117.50%,,3.60,3.60,0.00,0.00,,,,1.40%,-7.64%,-37.23%,142.07%,38.80%,85.90%,1.68,0.15,6.76%,6.45%,-3.39%,-6.71%,6.42%,-60.06%,31.19%,-72.23%,410.71%,45.64,-2.05%,0.69%,,2295.45,0.12,1.43,-1.38%,280724,,,9/5/2002,,
100,"AEMD","Aethlon Medical, Inc.","Healthcare","Medical Devices","USA",26.70,,,,44.50,1.89,1.84,,,,-0.79,63.60%,21.80%,36.60%,,-3.10%,88.70%,,12.07,11.77,1.00%,-17.85%,10.40%,1.74%,3.89%,0.22,-49.70%,-54.60%,-67.80%,9.90,9.90,0.00,0.00,,,,-7.30%,39.35%,61.19%,4.35%,-12.28%,124.30%,0.62,0.21,8.23%,10.33%,11.72%,27.91%,32.68%,-30.62%,61.36%,-50.92%,162.64%,59.53,-0.93%,-0.46%,2.00,2103.66,0.16,2.13,-1.39%,329992,10/28/2020 4:30:00 PM,,5/11/1994,,
101,"HUGE","FSD Pharma Inc.","Healthcare","Drug Manufacturers - Specialty & Generic","Canada",32.38,,,,,,,,,,,,,,,,,,19.16,16.09,12.70%,0.00%,0.73%,,0.46%,0.09,,,,,,,,,,,-6.63%,13.42%,-36.94%,-56.33%,-71.11%,-68.87%,,0.16,7.09%,10.92%,-6.59%,-0.61%,-42.70%,-36.69%,30.08%,-88.11%,30.08%,46.26,-2.06%,0.59%,,833.63,0.29,1.66,-1.48%,238322,,,6/8/2018,,
102,"ASLN","ASLAN Pharmaceuticals Limited","Healthcare","Biotechnology","Singapore",61.89,,,,326.25,,4.27,,,,-1.33,-5.20%,-74.40%,-14.80%,,,59.70%,,37.99,37.99,,,10.60%,-2.32%,0.07%,0.07,-190.20%,,-283.30%,3.20,3.20,,,,,,-5.80%,7.14%,4.28%,-2.50%,-13.72%,-3.94%,,0.14,4.94%,8.66%,-1.84%,5.88%,13.50%,-21.95%,35.21%,-32.63%,131.33%,49.70,-2.54%,1.03%,2.30,420.07,0.76,1.92,-1.54%,317496,,,5/4/2018,1.92,0.00%
103,"IO","ION Geophysical Corporation","Energy","Oil & Gas Equipment & Services","USA",37.61,,,,0.27,,0.74,1.45,,,-2.71,34.40%,17.50%,21.90%,18.00%,-19.30%,-343.00%,-69.50%,14.28,10.74,2.50%,0.00%,35.80%,-7.26%,9.18%,2.19,-16.30%,83.90%,-38.40%,0.70,0.60,,,36.00%,-14.60%,-27.90%,-3.92%,20.10%,68.97%,8.89%,-72.72%,-71.77%,4.11,0.20,8.92%,9.35%,4.22%,27.93%,18.75%,-10.74%,77.21%,-73.49%,113.27%,56.56,-0.41%,-1.22%,2.70,449.51,0.42,2.41,-1.63%,190530,11/4/2020 4:30:00 PM,4.00,4/2/1991,2.43,0.83%
104,"NM","Navios Maritime Holdings Inc.","Industrials","Marine Shipping","Monaco",39.51,,,,0.09,,0.38,0.82,,,-19.09,48.30%,,-13.30%,16.00%,-3.10%,,-10.90%,16.53,15.38,23.20%,0.00%,8.40%,-1.70%,0.08%,0.14,-10.10%,,0.80%,0.80,0.70,,,38.70%,,-47.10%,-2.85%,17.73%,35.03%,16.59%,-51.42%,-46.65%,2.59,0.19,6.44%,8.67%,-7.20%,15.26%,16.36%,-23.95%,62.07%,-53.47%,80.46%,50.76,-0.84%,-0.84%,1.00,87.39,0.46,2.35,-1.67%,40240,11/23/2020 8:30:00 AM,,1/6/2005,2.34,-0.43%
105,"OPGN","OpGen, Inc.","Healthcare","Diagnostics & Research","USA",39.39,,,,10.65,1.94,3.75,,,,-2.02,82.70%,33.70%,51.70%,,-3.20%,89.80%,83.30%,19.12,18.14,0.09%,-20.55%,4.40%,10.96%,11.27%,2.66,-71.40%,-159.60%,-208.00%,1.70,1.40,1.06,1.15,11.80%,,,-0.57%,-11.73%,-16.02%,-18.01%,31.06%,53.10%,-0.47,0.09,5.03%,5.11%,-9.07%,-16.75%,-22.69%,-33.33%,3.03%,-70.49%,66.67%,31.68,-1.73%,0.00%,2.00,768.69,1.09,1.70,-1.73%,841029,11/11/2020 4:30:00 PM,,5/5/2015,1.70,0.00%
106,"ALRN","Aileron Therapeutics, Inc.","Healthcare","Biotechnology","USA",47.20,,,,,3.53,3.32,,,,-0.77,44.10%,13.60%,-1.80%,2.10%,,54.20%,,39.32,27.84,31.56%,0.00%,14.40%,-15.64%,4.24%,1.15,-98.30%,-170.40%,,3.00,3.00,0.02,0.02,,,,11.88%,7.62%,-11.02%,2.73%,87.43%,97.21%,3.14,0.07,7.13%,6.40%,7.23%,-8.48%,7.36%,-55.06%,21.98%,-55.06%,344.00%,53.47,-5.13%,3.54%,1.40,1022.96,1.69,1.11,-1.77%,1732598,,,6/29/2017,,
107,"REFR","Research Frontiers Incorporated","Technology","Electronic Components","USA",89.39,,,,81.26,14.79,16.55,,,,-0.09,-22.60%,,7.40%,30.00%,-0.40%,-7.40%,-60.00%,31.58,25.20,0.90%,-73.78%,17.00%,0.95%,6.11%,7.18,-36.00%,-42.30%,-45.10%,21.10,21.10,0.00,0.00,,,,5.64%,-6.33%,13.31%,-30.62%,-8.77%,-6.64%,1.19,0.24,7.98%,9.23%,-1.97%,-2.57%,-11.52%,-22.65%,10.40%,-51.58%,66.27%,47.99,-1.78%,0.00%,,214.39,0.85,2.76,-1.78%,182252,11/5/2020 4:30:00 PM,,7/8/1986,2.76,0.00%
108,"RLH","Red Lion Hotels Corporation","Consumer Cyclical","Lodging","USA",63.31,,,,0.94,0.54,1.86,,,,-0.94,-5.30%,40.00%,-51.90%,30.00%,-4.70%,15.50%,-59.60%,25.40,23.14,1.20%,0.00%,67.50%,-4.40%,5.12%,12.33,-13.20%,-17.70%,-9.00%,2.90,2.90,0.00,0.04,33.10%,-33.40%,-35.40%,5.86%,20.44%,25.46%,11.07%,-25.96%,-27.35%,1.61,0.15,6.57%,5.98%,7.52%,19.70%,28.19%,-5.67%,56.47%,-29.82%,129.31%,62.37,-3.27%,1.48%,2.00,96.03,1.16,2.66,-1.85%,111191,11/4/2020 4:30:00 PM,3.50,4/3/1998,2.67,0.38%
109,"DWSN","Dawson Geophysical Company","Energy","Oil & Gas Equipment & Services","USA",50.20,,,,0.45,0.51,1.09,1.73,,,-0.48,38.40%,,11.90%,41.80%,4.20%,-491.00%,-76.50%,23.42,21.74,1.00%,-6.64%,50.00%,-2.72%,0.24%,0.69,-9.10%,-10.90%,-14.90%,9.90,9.90,0.00,0.00,,-10.60%,-10.10%,-1.83%,11.98%,24.28%,30.30%,-12.24%,-10.42%,2.00,0.12,5.58%,6.31%,0.34%,6.11%,29.07%,-6.22%,25.10%,-27.99%,151.10%,54.20,-3.21%,1.40%,,74.31,1.22,2.11,-1.86%,90727,10/29/2020 8:30:00 AM,,4/5/1994,,
110,"CXDC","China XD Plastics Company Limited","Consumer Cyclical","Auto Parts","China",77.60,,,,0.08,0.09,0.37,,,,-2.95,-95.60%,,-52.30%,,5.50%,-387.00%,-22.30%,67.92,34.67,42.40%,0.00%,26.70%,-2.72%,0.04%,0.16,-2.90%,-9.80%,3.00%,1.20,0.70,0.73,1.69,12.00%,-2.90%,-7.90%,-0.93%,-10.08%,-5.31%,-6.96%,-45.96%,-40.22%,1.11,0.03,3.97%,3.15%,-6.20%,-9.53%,-2.92%,-16.00%,3.45%,-56.97%,66.64%,35.60,-3.67%,1.87%,,85.83,0.67,1.05,-1.87%,57185,11/16/2020 8:30:00 AM,,9/27/2007,1.06,0.95%
111,"ENTX","Entera Bio Ltd.","Healthcare","Biotechnology","Israel",19.70,,,,98.49,3.45,,,,,-0.68,1.20%,,,,,64.40%,0.00%,18.33,10.60,41.20%,0.00%,10.40%,-0.98%,0.47%,0.14,-85.70%,-128.00%,-93.90%,2.70,2.70,0.00,0.04,13.80%,,,1.90%,1.90%,-16.41%,-43.68%,-52.23%,-50.00%,,0.08,4.33%,8.95%,-4.68%,-3.95%,-34.94%,-30.46%,3.96%,-69.12%,5.00%,44.39,-3.67%,1.87%,2.00,366.48,0.97,1.05,-1.87%,356167,11/19/2020 8:30:00 AM,,6/28/2018,1.05,0.00%
112,"BRQS","Borqs Technologies, Inc.","Technology","Software - Application","China",46.80,,,,0.47,,46.80,,,,-0.95,61.80%,,,,,-956.20%,-53.80%,31.71,18.82,26.85%,0.00%,17.20%,2.62%,1.01%,0.09,-35.30%,,107.20%,0.40,0.30,,,0.60%,-29.40%,-34.80%,5.00%,-11.02%,0.00%,-23.08%,-72.07%,-41.67%,2.05,0.09,7.01%,7.36%,-4.01%,-3.55%,-21.79%,-31.33%,17.05%,-87.74%,27.00%,45.97,-4.63%,2.86%,,2233.57,0.66,1.03,-1.90%,1472942,,,11/5/2015,1.03,0.00%
113,"DXYN","The Dixie Group, Inc.","Consumer Cyclical","Textile Manufacturing","USA",41.11,2.49,,,0.13,0.62,,2.42,,0.00%,1.05,172.00%,,83.80%,,-1.60%,136.20%,-10.00%,15.33,13.19,11.66%,0.00%,33.80%,-7.30%,0.42%,0.25,7.00%,25.00%,13.60%,2.20,0.70,1.07,1.17,24.00%,7.00%,5.30%,8.30%,17.04%,207.09%,207.06%,121.19%,128.95%,2.88,0.25,11.12%,10.71%,3.47%,42.69%,136.04%,-12.33%,210.60%,-12.33%,383.38%,59.56,-7.25%,5.75%,,219.67,0.78,2.56,-1.92%,171515,11/5/2020 8:30:00 AM,,11/25/1986,,
114,"GSUM","Gridsum Holding Inc.","Technology","Software - Application","China",57.11,,,,1.14,,35.69,,,,-1.93,5.90%,,-43.40%,,21.30%,-3.10%,120.40%,34.62,21.24,15.38%,0.00%,24.50%,-1.18%,0.53%,0.29,-57.00%,136.00%,-754.50%,0.30,0.30,,,74.30%,,,1.65%,-1.64%,48.64%,135.52%,10.01%,37.07%,1.49,0.04,1.86%,2.03%,-2.13%,-4.97%,52.64%,-9.64%,2.50%,-12.77%,591.98%,43.01,0.61%,-2.52%,,388.16,0.27,1.64,-1.93%,105687,,,9/23/2016,1.64,0.00%
115,"POAI","Predictive Oncology Inc.","Healthcare","Medical Instruments & Supplies","USA",13.59,,,,10.46,0.88,5.44,,,,-5.41,12.90%,,58.70%,,8.20%,65.20%,0.00%,17.68,16.16,9.30%,0.36%,2.20%,-62.83%,1.67%,0.40,-114.60%,-252.30%,-145.20%,0.30,0.30,0.00,0.48,62.90%,,,2.14%,4.01%,-17.07%,-59.89%,-74.28%,-72.80%,1.67,0.07,14.46%,10.26%,-3.13%,-3.45%,-42.80%,-24.34%,10.49%,-86.87%,10.49%,47.28,-1.96%,0.01%,,678.20,1.32,0.70,-1.94%,897375,,,4/9/2010,,
116,"ARTL","Artelo Biosciences, Inc.","Healthcare","Biotechnology","USA",10.00,,,,,0.76,4.76,,,,-1.29,-25.60%,6.10%,,,,20.50%,,15.11,10.37,11.48%,0.00%,28.85%,-0.34%,5.72%,0.25,-106.00%,-118.10%,,4.70,4.70,0.00,0.00,,,,5.31%,16.78%,-8.65%,-50.29%,-77.12%,-75.97%,,0.07,12.79%,10.97%,0.99%,9.12%,-34.66%,-15.31%,40.84%,-85.64%,40.84%,51.86,-1.78%,-0.31%,3.00,2394.05,0.52,0.64,-2.08%,1234326,,,11/14/2017,,
117,"AKTX","Akari Therapeutics, Plc","Healthcare","Biotechnology","United Kingdom",72.69,,,,,13.57,5.91,,,,-0.73,12.60%,0.00%,16.30%,,,133.10%,,33.87,18.75,26.88%,0.00%,20.60%,427.70%,0.83%,0.85,-161.50%,-880.40%,,1.50,1.50,0.00,0.00,,,,-2.56%,25.00%,15.85%,-18.10%,9.51%,8.57%,1.52,0.14,6.12%,8.80%,0.72%,9.01%,3.38%,-15.84%,30.99%,-33.33%,113.79%,52.32,-1.59%,-0.53%,2.00,182.85,0.62,1.86,-2.11%,114228,12/11/2020 8:30:00 AM,,5/7/2013,,
118,"LPCN","Lipocine Inc.","Healthcare","Biotechnology","USA",92.60,,,,,6.45,4.93,,,,-0.44,8.00%,29.70%,20.60%,,,83.40%,,64.83,63.51,3.30%,-3.76%,11.00%,66.27%,7.12%,2.26,-88.90%,-195.30%,-96.30%,4.30,4.30,0.22,0.44,,,,0.71%,-10.69%,0.00%,32.71%,289.04%,268.93%,0.78,0.11,4.39%,8.56%,-4.99%,-2.06%,16.64%,-19.65%,20.87%,-41.84%,361.79%,46.23,-2.11%,0.00%,1.50,1998.51,0.85,1.39,-2.11%,1704989,,,6/15/2012,,
119,"CCRC","China Customer Relations Centers, Inc.","Technology","Information Technology Services","China",72.20,3.78,,,0.36,0.94,2.52,7.60,,0.00%,1.00,-18.90%,,44.20%,,32.40%,-6.80%,48.00%,18.39,12.01,34.51%,0.00%,0.20%,-2.55%,0.24%,0.09,20.60%,29.50%,14.80%,3.40,3.40,0.00,0.03,23.30%,8.70%,9.30%,-24.93%,-24.85%,2.05%,-24.29%,-63.41%,-60.42%,0.48,0.76,36.82%,12.36%,-22.48%,-21.77%,-21.76%,-63.00%,10.78%,-66.33%,11.45%,40.03,-3.14%,1.06%,,309.18,1.67,3.70,-2.12%,515975,,,12/21/2015,,
120,"QLGN","Qualigen Therapeutics, Inc.","Healthcare","Biotechnology","USA",88.90,,,,52.29,,,,,,-4.68,71.10%,67.80%,28.00%,,,92.80%,-30.30%,25.43,21.15,0.10%,27.55%,3.10%,418.22%,8.25%,1.60,-296.70%,985.20%,,0.80,0.70,,,0.70%,,,-8.31%,-3.03%,-28.41%,-27.27%,-17.84%,-24.22%,-0.70,0.27,5.20%,8.18%,-12.00%,-16.74%,-45.01%,-34.66%,-0.63%,-85.44%,-0.63%,38.99,-2.80%,0.62%,2.00,1088.43,1.22,3.13,-2.19%,1330230,,,6/24/2015,3.14,0.32%
121,"ADIL","Adial Pharmaceuticals, Inc.","Healthcare","Biotechnology","USA",26.21,,,,,3.46,3.54,,,,-0.82,64.30%,28.10%,,,,-46.10%,,13.65,11.87,17.53%,-12.06%,9.80%,-7.34%,2.84%,0.13,-121.30%,-132.80%,,7.50,7.50,0.00,0.00,,,,-4.26%,-1.64%,48.76%,29.50%,-23.40%,-25.31%,,0.12,4.08%,7.33%,-10.00%,-5.36%,11.28%,-25.42%,6.67%,-56.00%,76.00%,42.11,-3.83%,1.67%,2.00,2581.74,0.10,1.76,-2.22%,265844,,,7/27/2018,1.76,0.01%
122,"NDRA","ENDRA Life Sciences Inc.","Healthcare","Diagnostics & Research","USA",25.90,,,,,5.46,6.82,,,,-1.81,-7.50%,40.30%,-31.30%,,,66.70%,,23.89,22.67,2.80%,-10.94%,2.80%,27.59%,2.37%,1.64,-381.80%,-652.00%,,3.40,3.20,0.09,0.09,,,,4.08%,-7.78%,1.73%,-21.13%,-42.91%,-54.46%,1.63,0.07,8.18%,9.52%,-8.33%,-3.40%,-9.30%,-20.47%,13.24%,-66.77%,24.81%,43.79,3.83%,-5.88%,2.00,327.04,1.39,0.75,-2.27%,454130,11/16/2020 4:30:00 PM,,6/30/2017,,
123,"ACOR","Acorda Therapeutics, Inc.","Healthcare","Biotechnology","USA",36.00,0.78,,0.03,0.22,0.11,0.57,,,0.00%,0.92,6.40%,-42.90%,16.45%,29.00%,-13.70%,100.80%,11.30%,47.71,47.15,1.50%,0.00%,50.90%,-15.76%,5.54%,0.39,6.60%,16.10%,-48.20%,1.10,0.90,0.52,0.73,81.00%,42.30%,29.70%,-4.14%,-2.41%,17.72%,-3.47%,-73.67%,-64.51%,0.75,0.07,8.73%,10.04%,-4.89%,-11.14%,-8.07%,-56.88%,13.66%,-74.56%,67.40%,44.73,-3.14%,0.83%,2.70,6780.31,0.24,0.71,-2.33%,1612940,11/3/2020 4:30:00 PM,,2/10/2006,,
124,"PRPO","Precipio, Inc.","Healthcare","Diagnostics & Research","USA",35.99,,,,7.50,2.43,16.36,,,,-1.69,83.20%,,68.20%,20.00%,20.30%,32.70%,100.00%,17.23,17.02,0.20%,26.42%,3.20%,317.33%,9.70%,2.28,-81.20%,-124.70%,-91.20%,0.90,0.80,0.04,0.09,13.50%,,,-2.34%,-13.28%,-10.30%,43.15%,1.95%,1.95%,2.96,0.16,4.58%,7.60%,-8.39%,-6.60%,19.56%,-28.67%,6.81%,-74.50%,270.91%,39.13,-2.86%,0.48%,2.00,722.44,0.86,2.04,-2.39%,624320,11/19/2020 4:30:00 PM,,7/18/2000,,
125,"FENG","Phoenix New Media Limited","Communication Services","Internet Content & Information","China",93.30,0.68,,0.13,0.46,0.25,0.26,,,0.00%,1.84,,,23.90%,5.29%,-1.30%,98.10%,-10.90%,72.79,30.88,24.58%,0.00%,24.50%,-12.38%,1.39%,0.17,18.20%,29.80%,-9.80%,1.60,1.60,0.00,0.00,55.10%,-12.80%,64.40%,20.69%,18.66%,129.61%,89.54%,36.44%,44.09%,2.36,0.09,10.99%,6.07%,12.84%,43.17%,76.96%,-15.86%,112.03%,-15.86%,139.69%,69.54,-2.40%,0.00%,2.00,2538.14,0.49,1.22,-2.40%,1246386,11/17/2020 4:30:00 PM,,5/12/2011,,
126,"USWS","U.S. Well Services, Inc.","Energy","Oil & Gas Midstream","USA",33.00,,,,0.11,,66.00,,,,-4.10,-58.90%,54.80%,,,,37.90%,-66.40%,66.67,40.36,15.37%,0.00%,53.90%,-1.13%,1.00%,0.20,-93.80%,,-19.40%,0.90,0.80,,,24.00%,,,-9.41%,-9.33%,57.14%,-9.71%,-65.89%,-76.72%,1.86,0.05,10.97%,10.39%,-4.27%,11.85%,7.05%,-18.98%,45.56%,-78.74%,85.49%,49.56,-6.65%,4.55%,3.00,1969.49,0.40,0.43,-2.41%,790682,11/5/2020 4:30:00 PM,,5/5/2017,,
127,"CJJD","China Jo-Jo Drugstores, Inc.","Healthcare","Pharmaceutical Retailers","China",39.10,,,,0.31,1.34,1.79,,,,-0.12,-453.40%,,-38.70%,30.00%,8.80%,-5.80%,8.50%,37.96,28.51,24.90%,0.00%,18.10%,6.40%,1.21%,0.54,-4.30%,-16.10%,-12.80%,1.20,0.90,0.11,1.05,22.10%,-3.60%,-3.30%,-2.83%,0.00%,10.29%,-45.21%,-44.02%,-43.41%,0.55,0.05,4.23%,5.39%,-4.38%,-0.96%,-30.54%,-19.60%,14.20%,-70.95%,25.62%,44.43,-1.47%,-0.97%,,636.55,0.89,1.00,-2.43%,566753,,,5/16/2008,1.01,0.50%
128,"KERN","Akerna Corp.","Healthcare","Health Information Services","USA",75.38,,,,5.75,1.36,5.27,,,,-1.38,36.20%,38.60%,,,,-57.70%,15.60%,14.06,11.46,1.50%,0.00%,9.30%,20.25%,8.04%,0.54,-34.20%,-57.90%,-35.90%,1.00,1.00,0.15,0.42,50.00%,,,-6.74%,-2.17%,0.00%,-59.60%,-59.04%,-57.30%,,0.39,8.68%,12.15%,-6.97%,1.39%,-40.60%,-28.07%,61.75%,-69.45%,61.75%,46.94,-5.90%,3.61%,2.00,1690.21,0.37,3.51,-2.50%,627008,9/24/2020 8:30:00 AM,,2/26/2018,3.51,0.00%
129,"NWHM","The New Home Company Inc.","Consumer Cyclical","Residential Construction","USA",86.59,,,,0.15,0.44,0.69,0.70,,,-1.83,42.30%,,-27.20%,25.00%,34.90%,128.20%,-21.00%,18.23,12.72,0.20%,0.00%,61.40%,5.52%,0.66%,1.42,-6.10%,-16.30%,-0.70%,,,1.46,1.46,10.50%,-6.20%,-5.90%,-4.00%,-14.59%,1.69%,59.47%,4.35%,3.00%,2.70,0.23,4.16%,4.75%,-9.48%,-11.32%,21.65%,-20.95%,0.00%,-22.00%,397.71%,30.98,-2.50%,0.00%,3.00,59.23,1.51,4.68,-2.50%,89544,11/2/2020 8:30:00 AM,,1/31/2014,4.65,-0.64%
130,"NBRV","Nabriva Therapeutics plc","Healthcare","Biotechnology","Ireland",57.51,,,,19.83,1.06,1.40,,,,-7.59,50.60%,37.90%,31.10%,,31.60%,62.20%,-81.20%,21.08,14.95,1.10%,-4.43%,20.70%,-2.41%,4.31%,1.63,-116.30%,-210.60%,-105.00%,4.90,4.40,0.21,0.21,84.30%,,,6.43%,-41.11%,-49.71%,-62.14%,-80.08%,-79.92%,1.98,0.27,5.08%,7.34%,-19.13%,-38.65%,-56.76%,-57.34%,11.69%,-84.36%,11.69%,30.46,-2.64%,0.00%,2.70,394.51,1.82,2.58,-2.64%,717067,11/5/2020 4:30:00 PM,,9/18/2015,,
131,"TRIB","Trinity Biotech plc","Healthcare","Diagnostics & Research","Ireland",98.61,,12.94,,1.09,3.07,,9.39,,0.00%,-0.18,-28.00%,-40.74%,-33.30%,15.00%,-2.90%,29200.00%,30.10%,20.90,14.39,11.20%,0.00%,27.00%,-13.07%,0.79%,0.36,-15.00%,-665.10%,-21.60%,3.10,1.90,11.70,0.00,46.60%,-21.10%,-21.70%,-3.50%,8.38%,107.00%,87.33%,279.82%,300.62%,1.96,0.35,7.49%,8.22%,-8.03%,15.38%,78.76%,-18.42%,64.49%,-18.42%,618.36%,50.36,-6.06%,3.62%,,316.86,0.54,4.03,-2.66%,170504,11/17/2020 8:30:00 AM,7.00,10/21/1992,,
132,"ITP","IT Tech Packaging, Inc.","Basic Materials","Paper & Paper Products","China",16.01,,,,0.16,0.09,1.95,22.88,,,-0.07,120.70%,,-30.20%,20.00%,-3.00%,-119.00%,1.50%,25.82,23.10,19.00%,0.00%,2.20%,12.54%,2.45%,0.25,-0.90%,-1.10%,1.60%,1.80,1.30,0.03,0.10,10.30%,-0.10%,-1.70%,-14.25%,-14.29%,20.31%,8.17%,-39.53%,-38.56%,0.46,0.06,10.79%,9.69%,-13.53%,-13.91%,-0.59%,-59.59%,12.34%,-59.59%,43.66%,39.93,-4.15%,1.47%,,2285.26,0.25,0.56,-2.74%,565249,11/12/2020 8:30:00 AM,,10/1/2007,0.56,-0.30%
133,"HDSN","Hudson Technologies, Inc.","Basic Materials","Specialty Chemicals","USA",46.50,,214.00,,0.31,1.01,5.05,2.00,,,-0.26,53.50%,100.00%,36.28%,30.00%,23.80%,-98.60%,-9.00%,42.66,32.17,11.40%,-2.08%,38.10%,0.98%,2.98%,1.49,-6.20%,-25.30%,-11.40%,1.80,0.70,1.76,1.91,23.00%,2.00%,-7.40%,-0.93%,-2.73%,-6.14%,9.28%,20.29%,9.46%,1.30,0.12,8.98%,11.54%,-22.65%,-14.16%,-0.24%,-41.24%,2.97%,-41.24%,100.00%,38.02,-2.80%,0.00%,3.00,642.76,1.19,1.04,-2.80%,767603,11/5/2020 4:30:00 PM,1.32,11/1/1994,,
134,"CVU","CPI Aerostructures, Inc.","Industrials","Aerospace & Defense","USA",45.90,,30.00,,0.56,,6.85,21.86,,,-0.51,52.70%,159.10%,33.90%,9.00%,17.10%,32.50%,-2.00%,11.86,10.24,1.70%,0.00%,38.80%,-2.00%,0.89%,1.12,-13.40%,69.10%,-10.50%,1.50,1.20,,,9.40%,-5.30%,-7.40%,-1.02%,25.40%,36.84%,13.37%,-40.55%,-42.05%,1.73,0.19,4.60%,5.62%,5.87%,28.56%,31.81%,-7.56%,68.44%,-45.86%,193.80%,62.45,-3.07%,0.26%,3.00,81.49,0.65,3.79,-2.82%,52830,11/12/2020 8:30:00 AM,4.00,9/17/1992,,
135,"NAVB","Navidea Biopharmaceuticals, Inc.","Healthcare","Biotechnology","USA",56.80,,,,71.01,210.00,,,,,-0.52,59.90%,33.30%,30.80%,,-36.30%,24.90%,50.00%,25.84,18.45,30.70%,0.06%,6.00%,5.12%,1.54%,1.20,-205.30%,794.00%,843.30%,1.20,1.20,0.00,2.00,99.90%,,,3.96%,-11.39%,-23.08%,-47.10%,84.21%,66.67%,1.98,0.14,7.84%,6.34%,-3.45%,-11.57%,-18.90%,-35.24%,11.17%,-61.92%,223.81%,42.45,-1.45%,-1.43%,2.00,236.82,0.41,2.04,-2.86%,96387,,,11/10/1992,,
136,"ARPO","Aerpio Pharmaceuticals, Inc.","Healthcare","Biotechnology","USA",49.90,,,,3.33,0.94,1.05,,,,-0.10,-87.10%,-292.90%,,,,-2.70%,,42.14,39.49,16.18%,-0.28%,41.50%,69.24%,1.56%,0.32,-9.40%,-10.10%,,19.70,19.70,0.00,0.00,,,-27.00%,1.94%,-31.37%,-25.53%,-15.32%,87.50%,68.40%,2.02,0.18,6.33%,8.70%,-32.34%,-30.08%,-14.48%,-55.84%,2.00%,-55.84%,142.86%,34.98,-2.86%,0.00%,2.00,1898.64,0.98,1.02,-2.86%,1867625,,1.75,8/8/2017,1.02,0.00%
137,"CYRN","CYREN Ltd.","Technology","Software - Infrastructure","USA",64.59,,,,1.72,3.96,5.01,,,,-0.30,9.80%,-13.60%,-5.90%,20.00%,3.80%,-24.80%,-4.20%,60.58,26.61,2.80%,0.00%,67.30%,0.72%,0.05%,0.05,-26.60%,-86.60%,-50.60%,1.00,1.00,1.25,1.25,59.40%,-45.20%,-47.00%,3.00%,4.02%,-1.67%,-7.23%,-7.23%,-19.55%,0.71,0.14,26.47%,13.02%,-3.83%,0.80%,-6.73%,-42.86%,24.05%,-49.24%,222.58%,47.72,-2.91%,0.02%,2.00,256.05,2.15,1.00,-2.89%,551309,11/16/2020 4:30:00 PM,1.50,7/13/1999,1.01,1.00%
138,"CDTX","Cidara Therapeutics, Inc.","Healthcare","Biotechnology","USA",92.70,,,,9.09,3.03,2.04,,,,-1.65,48.80%,-7.10%,-9.90%,,,-619.50%,-87.40%,43.21,35.34,0.90%,32.79%,65.30%,5.72%,4.56%,5.34,-92.70%,-165.60%,-87.30%,1.80,1.80,0.00,0.27,,,,-0.48%,-10.82%,-31.10%,-47.18%,-22.26%,-46.35%,1.70,0.15,5.67%,7.67%,-6.59%,-17.27%,-34.40%,-38.84%,9.89%,-55.06%,53.85%,39.08,-4.31%,1.46%,1.70,301.55,2.50,2.00,-2.91%,753390,11/5/2020 4:30:00 PM,,4/15/2015,2.00,0.00%
139,"GASS","StealthGas Inc.","Energy","Oil & Gas Midstream","Greece",91.20,6.95,2.56,1.36,0.64,0.16,3.30,6.66,,0.00%,0.34,117.10%,68.41%,-30.40%,5.10%,1.80%,464.20%,1.40%,37.86,30.03,20.69%,0.00%,58.60%,0.54%,0.14%,0.44,1.40%,2.40%,2.40%,0.40,0.30,0.49,0.61,55.20%,17.60%,9.30%,8.14%,-4.02%,-11.48%,-7.36%,-34.34%,-30.32%,1.71,0.14,7.32%,5.63%,0.06%,-1.58%,-5.42%,-17.44%,13.73%,-37.13%,53.64%,48.97,-2.52%,-0.42%,1.00,96.77,1.07,2.32,-2.93%,103433,11/25/2020 8:30:00 AM,,10/6/2005,,
140,"CTHR","Charles & Colvard, Ltd.","Consumer Cyclical","Luxury Goods","USA",37.11,,13.20,,1.26,0.90,2.69,92.76,,,-0.19,-309.00%,66.67%,2.90%,30.00%,2.60%,327.50%,3.90%,28.79,25.65,5.40%,60.66%,26.00%,24.41%,0.26%,0.31,-10.90%,-12.60%,-14.90%,5.10,3.30,0.01,0.02,47.10%,-19.00%,-18.60%,2.33%,9.09%,60.78%,91.44%,-5.71%,-7.04%,0.38,0.06,3.30%,4.27%,1.11%,17.63%,56.41%,-5.88%,58.02%,-20.00%,113.33%,57.33,-4.48%,1.52%,2.00,210.32,0.67,1.28,-3.03%,141914,,1.50,11/14/1997,,
141,"STKS","The ONE Group Hospitality, Inc.","Consumer Cyclical","Restaurants","USA",97.69,9.37,89.00,7.81,0.65,3.79,3.67,81.41,,0.00%,0.38,503.80%,118.20%,23.40%,1.20%,19.60%,-296.10%,79.20%,29.01,19.69,1.70%,3.32%,29.50%,0.14%,0.49%,1.03,5.50%,38.60%,28.80%,1.40,1.30,2.33,2.35,75.00%,0.30%,7.70%,13.38%,8.54%,83.51%,117.07%,4.71%,-2.20%,2.41,0.23,7.54%,6.72%,8.08%,20.49%,73.19%,-5.48%,75.09%,-26.28%,372.60%,62.95,-3.09%,0.00%,2.30,94.49,1.52,3.45,-3.09%,143472,11/5/2020 4:30:00 PM,3.17,10/17/2013,,
142,"AMTX","Aemetis, Inc.","Energy","Oil & Gas Refining & Marketing","USA",64.09,,,,0.36,,640.90,,,,-1.39,-7.00%,10.60%,-48.20%,,-0.60%,-90.30%,-28.70%,20.86,19.59,10.19%,0.00%,29.60%,35.31%,5.29%,0.47,-25.70%,17.40%,-18.80%,0.10,0.10,,,11.20%,1.50%,-16.00%,22.36%,41.46%,7.41%,259.36%,211.83%,249.40%,0.10,0.30,13.49%,11.23%,13.75%,-5.65%,58.70%,-44.90%,43.37%,-44.90%,658.43%,54.23,-6.64%,3.79%,2.00,2202.92,0.47,2.81,-3.10%,1042816,11/12/2020 8:30:00 AM,,6/27/2006,,
143,"VBLT","Vascular Biogenics Ltd.","Healthcare","Biotechnology","Israel",93.91,,,,117.38,2.46,2.55,,,,-0.57,12.60%,1.90%,10.40%,,,10.90%,100.00%,47.90,36.89,22.99%,0.00%,23.80%,-5.06%,1.79%,2.81,-47.20%,-61.80%,-51.60%,5.20,5.20,0.05,0.07,72.40%,,,0.52%,58.68%,68.42%,53.29%,68.42%,60.00%,1.10,0.14,8.17%,9.63%,13.41%,36.98%,44.96%,-9.71%,83.76%,-9.71%,106.67%,69.40,-2.62%,-0.52%,1.80,234.28,0.72,1.86,-3.12%,169581,11/16/2020 8:30:00 AM,,10/1/2014,,
144,"XPL","Solitario Zinc Corp.","Basic Materials","Other Industrial Metals & Mining","USA",34.32,,,,,1.44,3.99,,,,-0.01,8.20%,,-3.80%,,15.30%,96.40%,,58.11,48.60,16.37%,0.00%,6.60%,12.94%,0.04%,0.01,-3.20%,-3.20%,,34.80,34.80,0.00,0.00,,,,13.83%,17.73%,48.47%,101.23%,104.80%,96.07%,1.71,0.04,9.27%,7.92%,11.21%,22.94%,58.27%,-6.33%,49.96%,-35.22%,331.82%,62.97,-5.00%,1.97%,,1167.21,0.26,0.57,-3.13%,300662,,,10/21/2003,,
145,"PT","Pintec Technology Holdings Limited","Financial","Credit Services","China",43.58,,,,0.22,1.53,1.47,,,,-3.27,,,,,,,106.20%,42.45,33.06,10.42%,0.00%,0.30%,18.89%,1.13%,1.55,-40.50%,-98.90%,-93.80%,1.10,1.10,0.53,4.23,40.10%,-72.20%,-70.50%,7.18%,11.68%,26.66%,-13.45%,-18.86%,-42.93%,,0.07,6.63%,7.72%,2.86%,3.27%,-9.82%,-32.03%,28.94%,-69.33%,34.13%,53.89,-2.33%,-0.83%,,242.14,0.75,1.01,-3.14%,182275,9/21/2020 8:30:00 AM,,10/25/2018,1.01,0.40%
146,"VCNX","Vaccinex, Inc.","Healthcare","Biotechnology","USA",51.49,,,,85.82,,,,,,-1.70,3.80%,9.30%,,,,21.50%,50.00%,20.08,18.27,2.20%,219.81%,50.40%,19.05%,1.41%,0.28,-367.10%,113.00%,122.20%,1.30,1.30,,,99.70%,,,7.80%,11.62%,23.46%,-38.61%,-55.93%,-54.43%,,0.15,8.46%,7.45%,0.52%,6.44%,-42.22%,-33.33%,30.49%,-82.50%,31.29%,51.01,-4.89%,1.81%,2.00,901.66,0.23,2.14,-3.17%,209759,,,8/9/2018,,
147,"UONEK","Urban One, Inc.","Communication Services","Broadcasting","USA",81.41,,,,0.22,0.34,0.80,1.21,,,-0.95,-99.30%,,15.00%,,-0.20%,-348.80%,-17.30%,44.18,20.96,41.40%,0.00%,17.10%,-10.00%,0.45%,0.05,-3.50%,-25.60%,7.20%,1.90,1.90,5.09,5.40,69.50%,1.40%,-11.50%,0.81%,-3.88%,-24.85%,-29.14%,-34.74%,-34.74%,1.24,0.09,5.30%,7.27%,-9.02%,1.37%,-2.72%,-19.46%,30.43%,-82.46%,113.52%,45.42,-0.83%,-2.42%,,1819.51,0.22,1.20,-3.23%,399624,11/12/2020 8:30:00 AM,,6/7/2000,,
148,"PULM","Pulmatrix, Inc.","Healthcare","Biotechnology","USA",43.70,,,,3.55,1.78,1.27,,,,-0.79,75.30%,-2.40%,48.70%,,,-77.60%,214.30%,33.93,26.91,1.09%,0.00%,30.30%,25.32%,0.33%,0.19,-56.40%,-147.80%,,3.50,3.50,0.00,0.00,,-91.10%,,1.65%,6.03%,14.95%,-34.57%,45.10%,43.02%,1.72,0.09,8.39%,7.32%,-8.74%,-0.67%,-10.92%,-16.78%,20.81%,-42.09%,45.12%,44.76,-4.80%,1.63%,,468.90,0.95,1.19,-3.25%,444269,,,3/21/2014,,
149,"ALJJ","ALJ Regional Holdings, Inc.","Industrials","Specialty Business Services","USA",44.00,,,,0.11,2.66,7.21,13.33,,,-1.61,-288.60%,,-45.90%,,13.10%,110.30%,20.60%,42.23,18.34,56.67%,0.00%,3.40%,4.31%,0.28%,0.22,-33.90%,-206.00%,-47.80%,1.40,1.20,5.27,5.99,19.30%,-15.20%,-17.40%,-10.50%,-2.29%,40.13%,99.48%,-11.26%,-7.39%,1.65,0.09,10.68%,8.92%,-5.35%,-5.33%,31.83%,-21.97%,13.81%,-29.45%,267.73%,43.78,-2.83%,-0.47%,,233.61,0.60,1.03,-3.29%,140200,,,4/3/1996,,
150,"TANH","Tantech Holdings Ltd","Consumer Defensive","Household & Personal Products","China",53.11,,,,1.04,0.48,3.45,9.16,,,-0.22,-418.70%,,-21.30%,,-5.50%,-51.30%,53.70%,28.87,23.17,33.71%,0.00%,1.60%,3.12%,3.02%,0.20,-4.70%,-6.10%,-9.50%,3.80,3.70,0.00,0.09,8.90%,-17.50%,-11.30%,5.59%,-31.05%,-35.74%,38.53%,-19.25%,-16.57%,0.14,0.26,9.11%,9.68%,-8.95%,-35.40%,-13.43%,-60.00%,22.69%,-60.00%,80.25%,38.05,-4.58%,1.32%,,3539.23,0.54,1.46,-3.31%,1895370,,,3/24/2015,1.47,0.68%
151,"TENX","Tenax Therapeutics, Inc.","Healthcare","Biotechnology","USA",14.10,,,,,1.85,1.62,,,,-1.20,85.00%,40.20%,33.00%,,,45.80%,,12.43,10.56,0.33%,,32.20%,74.96%,0.28%,0.17,-147.20%,-222.70%,,6.50,6.50,0.03,0.03,,,,0.91%,-5.93%,-30.62%,15.61%,-9.76%,-21.28%,2.31,0.08,6.46%,7.59%,-1.65%,-0.64%,-1.30%,-25.17%,33.13%,-60.07%,328.00%,48.64,-4.46%,0.90%,,173.91,1.11,1.07,-3.60%,192413,,,4/4/1994,,
152,"CTXR","Citius Pharmaceuticals, Inc.","Healthcare","Biotechnology","USA",61.11,,0.50,,,1.71,4.40,,,,-0.47,42.00%,353.06%,20.00%,,,51.00%,,51.61,43.27,22.20%,0.00%,13.40%,3.44%,3.82%,2.16,-52.50%,-66.70%,,3.40,3.40,0.01,0.01,,,,1.83%,23.33%,11.00%,-19.57%,-3.48%,8.82%,1.55,0.06,5.47%,6.72%,-3.07%,2.56%,8.80%,-15.75%,22.58%,-45.69%,157.83%,48.68,-3.60%,0.00%,2.00,764.23,0.58,1.07,-3.60%,440380,,,10/2/2014,,
153,"PVL","Permianville Royalty Trust","Energy","Oil & Gas E&P","USA",26.10,3.55,,,3.48,0.36,261.03,,16.77%,72.00%,0.23,-33.70%,,-19.70%,,-19.90%,-95.50%,-93.30%,33.00,22.51,31.80%,0.00%,4.10%,-12.14%,0.06%,0.07,9.90%,9.90%,12.30%,0.40,0.40,0.00,0.00,,99.90%,98.80%,-6.00%,9.45%,12.01%,-37.58%,-56.34%,-56.81%,1.86,0.04,4.37%,5.94%,-2.21%,17.57%,-22.68%,-12.50%,67.39%,-64.19%,67.39%,52.79,-1.28%,-2.38%,,215.90,0.65,0.77,-3.63%,140793,,,11/3/2011,,
154,"PPBT","Purple Biotech Ltd.","Healthcare","Biotechnology","Israel",71.08,,,,71.08,,,,,,,,,,,,,0.00%,17.21,15.45,1.91%,,14.52%,,0.27%,0.12,,,,,,,,,,,1.72%,2.99%,1.72%,-64.40%,-47.01%,-47.02%,,0.14,3.29%,3.55%,-4.63%,-5.31%,-19.89%,-21.19%,3.65%,-72.36%,80.91%,39.97,-1.24%,-2.42%,,344.90,1.30,3.98,-3.63%,448548,,,11/20/2015,,
155,"BKEP","Blueknight Energy Partners, L.P.","Energy","Oil & Gas Midstream","USA",89.81,,11.03,,0.29,0.25,89.81,21.90,7.63%,,-0.22,89.50%,1050.00%,-23.10%,4.00%,14.70%,626.10%,-6.40%,41.17,34.77,0.50%,0.00%,27.80%,6.91%,0.06%,0.08,-3.30%,-2.80%,5.60%,0.70,0.70,0.75,0.00,48.90%,8.50%,-3.10%,16.47%,30.21%,41.65%,62.51%,76.15%,85.52%,2.22,0.10,7.80%,5.23%,9.58%,24.76%,43.57%,-8.18%,54.20%,-8.18%,281.13%,62.39,-1.94%,-1.74%,3.00,245.99,1.32,2.02,-3.64%,323815,11/4/2020 4:30:00 PM,2.00,7/18/2007,,
156,"LUB","Luby's, Inc.","Consumer Cyclical","Restaurants","USA",88.40,,,,0.41,1.22,5.85,,,,-0.97,-90.10%,,-21.54%,7.00%,-11.50%,182.80%,-56.20%,30.56,18.71,5.20%,0.00%,37.40%,4.10%,6.08%,7.65,-15.10%,-36.40%,-19.00%,1.00,1.00,0.74,0.00,63.40%,-11.20%,-13.80%,4.64%,-4.87%,13.57%,106.34%,29.07%,33.18%,1.08,0.13,3.53%,5.15%,-0.95%,-0.08%,66.14%,-11.32%,10.16%,-14.55%,513.04%,48.98,-3.09%,-0.68%,,148.79,0.64,2.82,-3.75%,95301,,5.00,2/22/1982,,
157,"SND","Smart Sand, Inc.","Energy","Oil & Gas Equipment & Services","USA",80.50,1.72,,,0.56,0.25,7.32,6.19,,0.00%,1.06,69.70%,-120.00%,22.20%,-2.60%,27.90%,234.30%,-64.40%,39.97,23.46,2.70%,-4.02%,42.20%,-4.28%,10.96%,7.61,11.40%,16.80%,12.50%,2.70,2.10,0.08,0.10,30.20%,35.40%,29.90%,-9.90%,-4.21%,46.77%,80.20%,-24.17%,-27.78%,2.12,0.14,5.43%,7.04%,-11.38%,4.59%,40.57%,-23.25%,43.44%,-34.21%,218.12%,41.88,-3.85%,0.00%,3.00,337.97,0.60,1.75,-3.85%,201132,11/9/2020 4:30:00 PM,2.13,11/4/2016,,
158,"CCLP","CSI Compressco LP","Energy","Oil & Gas Equipment & Services","USA",54.53,,,,0.14,,3.27,,3.62%,,-1.10,49.80%,14.30%,-24.00%,3.70%,11.00%,-247.00%,-30.30%,47.34,30.07,0.50%,25.40%,38.00%,1.04%,0.40%,1.57,-6.60%,-225.20%,4.90%,1.50,1.00,,,36.00%,1.10%,-13.40%,-3.96%,22.72%,30.94%,56.54%,-58.00%,-59.31%,2.08,0.08,7.72%,8.48%,-4.02%,12.09%,26.72%,-15.87%,41.33%,-61.31%,204.16%,49.58,-5.36%,1.40%,4.50,76.90,6.88,1.06,-4.03%,528893,11/2/2020 8:30:00 AM,,6/15/2011,,
159,"BHTG","BioHiTech Global, Inc.","Industrials","Pollution & Treatment Controls","USA",28.50,,,,6.48,,5.70,,,,-0.63,49.90%,75.40%,0.00%,,22.70%,-27.00%,-50.00%,22.05,18.17,6.30%,0.22%,1.80%,9.08%,0.25%,0.11,-20.30%,255.60%,-21.60%,0.50,0.50,,,-8.10%,,,0.00%,-4.69%,-1.61%,-26.06%,-22.78%,-28.24%,1.48,0.08,3.53%,6.68%,-8.59%,-7.43%,-16.42%,-31.18%,4.46%,-73.41%,15.84%,38.99,-4.88%,0.82%,2.00,425.25,0.88,1.17,-4.10%,372845,11/16/2020 4:30:00 PM,2.00,10/28/2015,,
160,"HSTO","Histogen Inc.","Healthcare","Biotechnology","USA",17.00,,,,8.10,1.97,,,,,-2.92,42.10%,,25.00%,38.00%,,72.80%,-85.30%,12.17,10.21,0.10%,239.81%,3.90%,1.47%,0.73%,0.25,-99.50%,-132.00%,-59.40%,4.40,4.10,0.07,0.07,68.10%,,,0.84%,-21.57%,-17.24%,-71.07%,-68.42%,-70.00%,1.48,0.12,7.82%,9.99%,-8.73%,-26.22%,-58.35%,-52.28%,7.48%,-84.67%,7.48%,38.58,-8.00%,4.17%,3.00,299.94,3.36,1.15,-4.17%,1006792,,,7/25/2013,,
161,"SOHO","Sotherly Hotels Inc.","Real Estate","REIT - Hotel & Motel","USA",39.90,,,,0.39,0.61,2.57,,,,-3.31,-2.40%,74.30%,-50.40%,0.00%,8.60%,,-66.20%,14.33,12.88,6.80%,0.00%,22.00%,-1.35%,0.18%,0.09,-9.90%,-58.70%,3.80%,,,6.01,6.01,59.50%,-18.60%,-46.60%,-9.03%,15.42%,47.19%,9.17%,-60.54%,-61.36%,2.30,0.19,5.05%,8.24%,-6.94%,13.83%,15.59%,-22.29%,69.59%,-63.62%,75.52%,48.10,-5.64%,1.53%,2.00,258.39,0.91,2.51,-4.20%,234433,11/9/2020 8:30:00 AM,2.75,12/17/2004,,
162,"ASTC","Astrotech Corporation","Industrials","Aerospace & Defense","USA",35.40,,,,58.99,,18.63,,,,-1.24,14.10%,,12.90%,,-1.00%,26.10%,13900.00%,18.56,14.53,13.36%,0.00%,5.60%,6.10%,0.53%,0.02,-164.60%,,-219.30%,0.70,0.50,,,10.40%,,,-1.04%,6.74%,20.25%,-32.38%,4.40%,5.56%,-0.76,0.12,5.63%,6.68%,-3.19%,-3.67%,-22.30%,-70.36%,16.67%,-76.52%,85.71%,47.02,-4.71%,0.53%,,3360.74,0.17,1.82,-4.21%,572713,,,12/21/1995,1.82,0.00%
163,"TGC","Tengasco, Inc.","Energy","Oil & Gas E&P","USA",12.70,,,,3.73,2.74,5.08,,,,-0.19,-198.40%,,20.60%,,-18.70%,-345.70%,-33.30%,10.68,10.47,1.80%,0.00%,3.40%,0.81%,1.06%,0.08,-25.40%,-37.60%,-7.60%,3.80,3.50,0.02,0.04,2.90%,-58.90%,-60.20%,-10.85%,-10.16%,57.10%,103.54%,130.00%,134.65%,1.45,0.14,10.13%,12.18%,-7.57%,2.01%,44.82%,-74.77%,37.50%,-74.77%,198.02%,47.03,-3.51%,-0.87%,,1411.48,0.08,1.10,-4.35%,113312,,,12/28/1998,,
164,"NEOS","Neos Therapeutics, Inc.","Healthcare","Drug Manufacturers - Specialty & Generic","USA",33.90,,,,0.59,,2.67,,,,-0.44,78.80%,67.60%,28.10%,31.70%,143.30%,-139.30%,-28.60%,49.76,49.01,1.50%,0.00%,33.40%,-7.44%,2.35%,0.28,-28.50%,156.00%,-26.90%,0.70,0.50,,,56.90%,-23.70%,-38.40%,0.69%,18.31%,20.18%,-2.13%,-56.65%,-54.64%,1.49,0.07,4.51%,11.80%,1.20%,3.18%,-6.60%,-45.40%,42.47%,-66.91%,45.57%,51.10,-5.04%,0.73%,2.00,4096.77,0.45,0.66,-4.35%,1862117,11/9/2020 8:30:00 AM,,7/23/2015,,
165,"MOTS","Motus GI Holdings, Inc.","Healthcare","Diagnostics & Research","USA",32.20,,,,161.01,2.08,1.36,,,,-0.71,37.50%,21.90%,,,,28.50%,1000.00%,30.42,25.06,2.50%,2.60%,42.90%,14.79%,1.80%,1.96,-77.40%,-151.70%,,2.50,2.30,0.00,0.53,11.20%,,,6.25%,25.26%,5.37%,-23.31%,-57.50%,-55.46%,,0.08,6.47%,8.67%,-4.20%,9.83%,-3.98%,-18.92%,43.09%,-65.86%,111.52%,50.22,-4.61%,0.00%,1.50,230.45,1.45,0.97,-4.61%,333461,11/12/2020 4:30:00 PM,,2/14/2018,,
166,"RMTI","Rockwell Medical, Inc.","Healthcare","Drug Manufacturers - Specialty & Generic","USA",95.40,,,,1.53,1.71,1.42,,,,-0.43,7.90%,50.00%,-1.70%,38.00%,2.50%,16.90%,-0.60%,93.57,79.03,0.30%,-74.27%,45.40%,45.31%,2.92%,1.88,-46.30%,-117.70%,,6.10,5.80,0.50,0.50,5.50%,-44.30%,-47.20%,-4.72%,-0.98%,-5.61%,-43.58%,-61.74%,-58.61%,1.10,0.06,4.78%,6.21%,-11.36%,-4.28%,-40.65%,-23.55%,16.06%,-74.98%,16.06%,39.11,-4.62%,0.00%,2.00,1230.21,1.48,0.96,-4.62%,1825853,11/9/2020 4:30:00 PM,,1/27/1998,0.96,0.00%
167,"AMPY","Amplify Energy Corp.","Energy","Oil & Gas E&P","USA",54.99,,,,0.25,13.36,4.07,0.87,34.01%,,-12.05,-162.90%,-175.80%,-16.20%,15.00%,-19.10%,-415.00%,-27.80%,37.63,30.21,19.79%,-57.64%,56.50%,-16.59%,6.94%,1.91,-80.30%,-348.00%,-1.80%,1.20,1.20,66.38,67.63,43.30%,,,-2.65%,28.95%,86.08%,10.53%,-77.66%,-77.76%,4.38,0.15,8.94%,12.17%,7.03%,39.77%,29.75%,-15.15%,125.77%,-81.53%,184.26%,57.80,-5.41%,0.68%,2.50,1096.73,1.25,1.40,-4.76%,1370816,11/5/2020 8:30:00 AM,2.20,10/24/2016,1.38,-1.43%
168,"SYBX","Synlogic, Inc.","Healthcare","Biotechnology","USA",80.10,,,,44.50,0.69,0.79,,,,-1.64,16.40%,10.80%,23.60%,,,6.20%,,36.30,28.21,0.10%,0.00%,39.90%,-8.72%,1.29%,0.33,-34.40%,-41.60%,-34.60%,16.40,16.40,0.00,0.00,,,,1.33%,5.53%,10.63%,14.50%,-10.89%,-11.24%,2.23,0.21,4.56%,11.69%,-5.71%,1.90%,2.11%,-45.36%,22.47%,-45.36%,61.48%,46.75,-4.39%,-0.44%,1.60,1105.15,0.31,2.18,-4.80%,341579,11/5/2020 8:30:00 AM,,10/1/2015,2.15,-1.38%
169,"RWLK","ReWalk Robotics Ltd.","Healthcare","Medical Devices","Israel",43.09,,,,9.79,1.82,2.38,,,,-1.26,81.70%,45.80%,44.20%,,4.30%,62.00%,-41.70%,18.88,17.34,7.62%,0.00%,10.20%,67.05%,12.80%,1.68,-55.20%,-103.60%,-79.40%,3.00,2.60,0.01,0.21,57.50%,,,9.46%,22.73%,50.95%,-10.50%,-26.03%,-25.00%,3.68,0.15,12.04%,11.00%,11.59%,20.88%,28.96%,-17.20%,54.00%,-43.17%,275.61%,58.82,-6.67%,1.85%,2.00,1321.11,0.58,1.54,-4.94%,764911,11/10/2020 8:30:00 AM,2.50,9/12/2014,,
170,"MMLP","Martin Midstream Partners L.P.","Energy","Oil & Gas Midstream","USA",63.70,26.56,,7.38,0.09,,33.53,2.78,1.23%,621.30%,0.06,139.60%,73.30%,21.50%,3.60%,-12.40%,-181.70%,-14.30%,38.66,31.85,1.80%,4.86%,47.20%,1.56%,0.24%,0.34,0.40%,-6.20%,10.40%,1.60,0.80,,,46.10%,6.50%,0.30%,-4.14%,-8.47%,33.88%,-1.22%,-60.44%,-59.80%,3.07,0.12,5.02%,7.52%,-10.92%,-6.43%,-13.08%,-28.37%,11.19%,-68.25%,70.17%,41.64,-6.10%,1.23%,3.50,222.22,0.91,1.54,-4.94%,201849,10/21/2020 4:30:00 PM,2.25,11/1/2002,1.56,1.30%
171,"BLRX","BioLineRx Ltd.","Healthcare","Biotechnology","Israel",58.62,,,,,2.05,,,,,-1.97,45.50%,0.70%,,,,,,22.72,19.77,,,28.63%,,12.75%,0.45,,,,,,,,,,,-5.49%,14.16%,65.38%,47.43%,14.67%,14.67%,,0.29,7.20%,9.89%,-5.45%,7.58%,30.90%,-34.14%,75.00%,-34.14%,130.94%,47.60,-5.41%,0.39%,1.70,5663.86,0.18,2.45,-5.04%,1038938,11/23/2020 8:30:00 AM,,7/25/2011,,
172,"PDSB","PDS Biotechnology Corporation","Healthcare","Biotechnology","USA",53.41,,,,,1.41,1.59,,,,-1.57,94.50%,0.00%,32.40%,,,81.20%,,18.96,16.11,27.64%,0.00%,14.80%,87.01%,2.89%,0.99,-64.50%,-75.30%,,11.70,11.70,0.00,0.00,,,,11.06%,19.07%,-1.28%,42.59%,3.59%,-12.83%,2.73,0.16,8.11%,8.05%,-1.26%,1.20%,12.13%,-19.78%,17.11%,-56.02%,255.92%,49.73,-5.60%,0.43%,1.80,468.25,0.58,2.19,-5.19%,269941,,,10/1/2015,,
173,"CLBS","Caladrius Biosciences, Inc.","Healthcare","Biotechnology","USA",29.31,,,,,0.75,0.73,,,,-0.63,-12.40%,40.80%,35.50%,,,39.10%,,18.60,17.03,1.00%,40.45%,19.20%,16.75%,0.76%,0.70,-23.80%,-28.00%,,9.90,9.90,0.00,0.00,,,,2.70%,5.56%,-13.14%,-15.08%,-27.62%,-39.44%,1.57,0.11,6.71%,7.60%,-6.37%,-6.96%,-23.27%,-18.64%,15.20%,-60.44%,37.14%,43.35,-5.26%,0.00%,2.30,186.72,1.13,1.44,-5.26%,211135,11/5/2020 4:30:00 PM,,11/3/1995,,
174,"MLND","Millendo Therapeutics, Inc.","Healthcare","Biotechnology","USA",43.11,,,,,1.10,,,,,-2.41,81.50%,27.70%,37.00%,,,61.30%,,19.00,17.80,6.29%,0.00%,41.80%,-6.08%,2.27%,1.03,-67.10%,-85.30%,,6.50,6.50,0.00,0.01,,,,6.07%,32.75%,46.45%,25.41%,-68.16%,-66.32%,1.10,0.12,4.60%,6.59%,7.50%,21.06%,2.14%,-7.73%,51.41%,-78.24%,70.63%,62.93,-5.70%,0.44%,1.70,390.00,0.64,2.15,-5.29%,249316,11/9/2020 8:30:00 AM,,11/12/2012,,
175,"STSA","Satsuma Pharmaceuticals, Inc.","Healthcare","Biotechnology","USA",88.70,,,,,1.06,1.08,,,,-2.64,-255.00%,90.00%,,,,-45.50%,,17.42,13.65,0.10%,-24.77%,57.10%,-28.38%,5.98%,2.00,-42.20%,-46.30%,,11.70,11.70,0.02,0.04,,,,6.50%,13.65%,24.51%,-83.07%,-73.88%,-74.19%,,0.29,5.91%,6.60%,-0.32%,10.94%,-70.24%,-7.50%,37.43%,-86.68%,37.43%,50.61,-5.87%,0.59%,2.80,407.82,0.64,4.81,-5.31%,259709,,4.50,9/13/2019,4.81,0.00%
176,"CATB","Catabasis Pharmaceuticals, Inc.","Healthcare","Biotechnology","USA",47.79,,,,,0.89,,,,,-2.14,54.10%,65.70%,31.70%,,,0.20%,,20.08,20.06,0.13%,0.00%,51.00%,2.61%,9.55%,0.38,-65.00%,-73.70%,,8.00,8.00,0.00,0.00,,,,6.64%,54.11%,-64.23%,-68.09%,-61.60%,-61.93%,2.16,0.22,11.47%,13.85%,6.10%,-9.56%,-58.43%,-66.40%,70.40%,-75.20%,70.40%,49.78,-5.33%,0.00%,3.00,5048.30,0.30,2.13,-5.33%,1495778,,,6/25/2015,2.23,4.69%
177,"SVRA","Savara Inc.","Healthcare","Biotechnology","USA",73.60,,,,245.32,1.03,0.78,,,,-1.34,-5.70%,37.50%,34.70%,,,38.30%,,60.29,45.21,0.50%,0.00%,41.50%,-9.80%,1.37%,2.43,-56.20%,-77.40%,,12.60,12.60,0.33,0.00,,,,1.55%,-5.07%,10.08%,-52.36%,-25.57%,-70.76%,1.22,0.12,8.49%,9.03%,-6.42%,2.58%,-31.82%,-17.33%,24.60%,-77.37%,24.60%,46.66,-6.77%,1.53%,2.00,253.96,1.14,1.24,-5.34%,290121,11/5/2020 4:30:00 PM,,10/16/2000,1.24,0.00%
178,"AACG","ATA Creativity Global","Consumer Defensive","Education & Training Services","China",40.60,,,,1.73,1.12,2.37,,,,-0.62,-37.70%,,-48.00%,25.00%,-22.50%,154.90%,3.90%,34.43,31.74,18.70%,0.00%,0.04%,-58.05%,0.01%,0.03,-16.40%,-38.80%,-45.00%,0.50,0.50,0.00,0.01,34.50%,,-68.30%,8.47%,5.78%,16.35%,11.30%,-13.15%,-5.95%,1.68,0.06,5.60%,4.95%,1.05%,3.01%,12.63%,-13.57%,12.04%,-35.29%,97.71%,51.98,-5.47%,0.01%,,81.63,0.61,1.21,-5.46%,49658,11/12/2020 4:30:00 PM,,1/29/2008,,
179,"ECOR","electroCore, Inc.","Healthcare","Medical Instruments & Supplies","USA",73.21,,,,22.88,2.52,2.83,,,,-0.79,19.40%,27.10%,,,,72.00%,57.10%,44.03,31.91,29.80%,0.00%,12.80%,-0.21%,1.65%,0.98,-80.50%,-113.50%,-189.00%,4.90,4.80,0.05,0.07,59.60%,,,-8.00%,6.62%,0.00%,94.68%,21.05%,1.26%,,0.10,5.12%,6.69%,-7.29%,-5.65%,10.95%,-18.72%,8.57%,-53.94%,374.85%,40.00,-5.59%,0.00%,2.00,539.34,1.12,1.52,-5.59%,601876,11/12/2020 4:30:00 PM,,6/22/2018,1.52,0.00%
180,"CLIR","ClearSign Technologies Corporation","Industrials","Pollution & Treatment Controls","USA",98.49,,,,,8.59,,,,,-0.25,23.60%,8.30%,16.20%,,,23.70%,,27.84,21.70,0.20%,212.77%,8.20%,2.64%,3.53%,3.59,-63.90%,-77.90%,,7.00,7.00,0.03,0.03,,,,12.04%,25.00%,52.97%,69.19%,346.67%,339.34%,1.03,0.28,10.65%,10.19%,11.74%,23.06%,71.61%,-12.47%,43.64%,-23.11%,802.86%,61.92,-5.39%,-0.30%,2.00,212.89,0.92,3.16,-5.67%,195505,11/19/2020 4:30:00 PM,4.00,4/25/2012,,
181,"RGLS","Regulus Therapeutics Inc.","Healthcare","Biotechnology","USA",55.20,,,,11.04,7.00,3.10,,,,-0.75,80.70%,6.50%,41.30%,39.60%,-2.30%,84.60%,27677.80%,38.14,36.65,5.10%,,22.80%,19.66%,2.95%,0.73,-57.50%,-150.70%,-48.10%,1.40,1.40,0.00,1.74,,,,23.89%,133.14%,191.67%,91.26%,107.41%,57.30%,2.23,0.14,14.50%,14.59%,30.10%,81.71%,101.16%,-14.29%,193.33%,-24.14%,212.65%,71.62,-7.04%,1.43%,2.70,1487.85,0.71,1.32,-5.71%,1062396,11/5/2020 4:30:00 PM,1.00,10/4/2012,,
182,"CETX","Cemtrex, Inc.","Industrials","Conglomerates","USA",27.10,,,,0.62,0.53,1.84,,,,-3.04,28.60%,,-68.40%,,-3.80%,72.30%,-22.90%,16.74,14.89,12.17%,0.00%,8.40%,-0.75%,7.07%,0.83,,,-18.50%,2.20,1.80,0.27,0.47,42.30%,,,23.62%,19.85%,61.51%,-6.55%,28.16%,20.77%,2.23,0.11,10.21%,7.85%,9.35%,21.77%,21.57%,-11.38%,48.00%,-60.53%,146.67%,60.27,-6.33%,0.64%,2.00,1267.92,0.92,1.48,-5.73%,1160248,,,11/4/2003,1.50,1.35%
183,"SLGG","Super League Gaming, Inc.","Communication Services","Electronic Gaming & Multimedia","USA",50.30,,,,33.53,2.74,4.88,,,,-1.98,-57.10%,56.20%,,,,30.90%,75.00%,15.48,14.24,3.10%,0.00%,9.80%,5.77%,3.55%,1.04,-134.40%,-154.30%,-155.00%,16.50,16.50,0.08,0.00,55.10%,,,57.53%,83.51%,78.76%,50.00%,29.21%,46.19%,,0.28,18.40%,11.52%,37.07%,59.74%,37.08%,-16.67%,99.39%,-50.00%,150.00%,70.16,-9.72%,4.35%,1.50,488.71,1.60,3.25,-5.80%,783065,11/11/2020 4:30:00 PM,4.50,2/26/2019,3.25,0.00%
184,"SINT","Sintx Technologies, Inc.","Healthcare","Medical Devices","USA",43.89,,,,62.71,1.42,1.62,,,,-2.22,92.60%,72.70%,,,-50.30%,86.90%,-50.00%,25.55,25.16,1.54%,1.48%,1.40%,304.71%,0.62%,0.10,-77.60%,-100.40%,-126.80%,8.80,8.80,0.01,0.01,21.90%,,,-1.15%,-5.49%,-1.71%,-15.69%,16.44%,15.44%,1.58,0.12,4.59%,6.86%,-12.81%,-9.74%,11.51%,-28.00%,4.52%,-50.91%,478.57%,37.47,-5.26%,-0.58%,2.00,1531.92,1.17,1.62,-5.81%,1789922,,,2/13/2014,,
185,"AESE","Allied Esports Entertainment Inc.","Communication Services","Entertainment","USA",58.31,,,,2.54,1.28,10.05,,,,-1.26,-10.80%,53.10%,,,,5.90%,-1.70%,29.63,14.98,18.10%,-3.34%,1.50%,-13.30%,2.73%,0.28,-46.50%,-74.10%,-26.80%,1.00,1.00,0.09,0.17,60.50%,,,27.70%,91.90%,36.96%,-10.00%,-24.40%,-27.31%,,0.16,14.70%,12.15%,33.73%,55.11%,2.55%,-8.25%,106.98%,-70.03%,345.00%,71.05,-7.29%,1.59%,1.50,1461.13,1.36,1.78,-5.82%,1987908,11/9/2020 4:30:00 PM,,10/25/2017,1.76,-1.11%
186,"PFMT","Performant Financial Corporation","Industrials","Specialty Business Services","USA",54.80,,,,0.34,1.39,3.49,4.46,,,-0.40,-226.00%,,-36.00%,20.00%,-5.10%,124.00%,0.80%,54.68,34.15,31.28%,0.00%,60.20%,-0.67%,0.02%,0.01,-17.10%,-51.30%,-16.70%,0.70,0.70,0.00,1.60,,-12.50%,-13.50%,29.55%,17.07%,50.78%,47.69%,17.09%,-5.88%,-0.80,0.09,17.58%,9.09%,13.34%,-4.14%,14.16%,-56.10%,54.22%,-58.53%,66.67%,55.30,-6.25%,0.00%,3.00,626.66,0.44,0.90,-6.25%,275811,,,8/10/2012,,
187,"TGA","TransGlobe Energy Corporation","Energy","Oil & Gas E&P","Canada",68.00,,,,0.62,0.53,2.51,1.67,,,-1.14,-125.50%,167.60%,-19.10%,-13.14%,-13.10%,-300.80%,-46.00%,72.54,66.31,6.30%,0.00%,38.00%,-4.24%,0.04%,0.03,-33.90%,-50.80%,1.10%,1.30,1.00,0.05,0.20,45.40%,-63.30%,-75.00%,6.32%,105.49%,152.56%,80.36%,-29.86%,-26.81%,2.82,0.08,9.42%,14.71%,15.83%,60.99%,77.63%,-9.90%,157.00%,-39.55%,214.49%,63.64,-6.34%,0.00%,2.50,784.65,0.31,0.95,-6.34%,240208,,,3/12/1984,,
188,"SDPI","Superior Drilling Products, Inc.","Energy","Oil & Gas Equipment & Services","USA",13.61,,,,1.02,3.16,9.72,19.44,,,-0.10,-325.00%,23.50%,3.60%,,-1.10%,-306.70%,-70.60%,25.56,10.41,59.38%,0.00%,7.50%,-4.42%,0.45%,0.07,-17.00%,-41.60%,-6.20%,0.60,0.50,0.40,1.43,52.20%,-21.50%,-20.00%,12.60%,24.92%,38.26%,-30.89%,-34.68%,-30.68%,0.31,0.05,12.08%,11.72%,2.87%,11.67%,-0.85%,-18.46%,32.80%,-49.52%,164.34%,54.05,-7.55%,0.86%,3.00,638.64,0.67,0.53,-6.76%,430105,11/6/2020 8:30:00 AM,,5/23/2014,0.54,2.26%
189,"EVOK","Evoke Pharma, Inc.","Healthcare","Drug Manufacturers - Specialty & Generic","USA",75.50,,112.40,,,,11.98,,,,-0.49,29.90%,103.80%,32.00%,40.00%,,-20.70%,,26.15,25.36,2.60%,-14.45%,15.00%,12.98%,1.85%,1.97,-188.90%,-983.40%,,1.00,1.00,,,,,,-8.17%,-6.02%,-40.84%,-20.62%,68.26%,73.46%,1.45,0.21,6.82%,6.97%,-11.80%,-24.47%,-17.68%,-46.53%,-2.24%,-56.79%,231.65%,34.99,-5.76%,-1.07%,2.00,238.44,1.58,2.62,-6.76%,375827,,,9/25/2013,,
190,"BPT","BP Prudhoe Bay Royalty Trust","Energy","Oil & Gas Refining & Marketing","USA",61.20,3.98,,,3.69,,306.01,,14.93%,106.50%,0.71,-57.70%,,-26.70%,,-26.50%,-102.40%,,21.40,21.40,1.00%,0.00%,2.20%,-25.23%,6.06%,4.15,,,5320.80%,,,,,,,92.10%,-8.09%,18.33%,79.75%,-18.86%,-58.11%,-58.72%,0.46,0.31,7.46%,12.12%,-8.49%,26.92%,-11.64%,-37.88%,109.52%,-72.14%,109.52%,49.31,-7.04%,0.00%,,312.49,1.61,2.64,-7.04%,504246,,,5/23/1989,2.65,0.38%
191,"DARE","Dare Bioscience, Inc.","Healthcare","Biotechnology","USA",54.69,,,,,,10.13,,,,-0.90,38.00%,13.40%,43.00%,,,-18.10%,,37.99,35.23,8.30%,0.00%,5.90%,34.81%,1.48%,0.52,-269.50%,,,0.90,0.90,,,,,,24.78%,6.02%,39.60%,36.89%,63.82%,71.95%,2.25,0.13,12.37%,9.57%,-1.24%,11.21%,21.27%,-18.13%,38.67%,-40.99%,74.67%,52.05,-10.27%,3.55%,2.00,1002.90,0.85,1.31,-7.09%,851339,11/12/2020 4:30:00 PM,,4/10/2014,1.31,0.00%
192,"ETTX","Entasis Therapeutics Holdings Inc.","Healthcare","Biotechnology","USA",96.50,,,,,1.37,,,,,-3.36,-3.50%,49.00%,,,,-40.00%,,29.96,13.57,52.60%,35.57%,31.00%,29.21%,1.53%,0.27,-101.50%,-118.70%,-112.80%,10.00,10.00,0.00,0.00,,,,13.55%,61.93%,24.45%,-3.06%,-43.00%,-42.66%,,0.17,8.71%,7.63%,25.30%,36.95%,2.96%,-10.92%,65.19%,-53.72%,65.19%,67.96,-9.38%,1.05%,1.90,776.02,0.90,2.61,-8.42%,700316,,,9/26/2018,,
193,"TOMZ","TOMI Environmental Solutions, Inc.","Industrials","Pollution & Treatment Controls","USA",79.99,12.98,,,3.45,5.95,13.56,17.39,,0.00%,0.36,29.50%,,-60.80%,,23.10%,460.90%,168.70%,16.74,10.21,0.10%,0.00%,,,0.37%,0.19,49.00%,78.10%,-35.30%,5.00,3.50,0.03,0.03,60.00%,30.10%,29.10%,15.20%,20.82%,-24.44%,-53.00%,459.52%,420.83%,-5.70,0.41,10.96%,10.01%,-1.64%,-26.95%,-42.97%,-56.21%,14.48%,-74.94%,455.99%,43.71,-11.41%,2.55%,,192.65,1.87,4.27,-9.15%,360152,11/12/2020 4:30:00 PM,,6/20/2008,,
194,"GLMD","Galmed Pharmaceuticals Ltd.","Healthcare","Biotechnology","Israel",80.60,,,,,1.43,1.38,,,,-1.27,-78.30%,-4.90%,-1.90%,20.00%,,-51.90%,,21.27,17.62,17.32%,0.00%,32.60%,-9.77%,0.15%,0.26,-39.30%,-43.30%,,9.80,9.80,0.00,0.00,,,,10.77%,-5.76%,0.56%,-28.00%,-38.57%,-37.72%,2.37,0.30,8.65%,8.67%,-11.76%,-6.91%,-22.91%,-25.00%,9.46%,-54.94%,9.46%,41.78,-8.99%,-1.11%,1.80,101.41,2.29,3.24,-10.00%,232514,11/12/2020 8:30:00 AM,,3/13/2014,,
195,"VERB","Verb Technology Company, Inc.","Technology","Software - Application","USA",97.61,,,,9.39,3.70,9.12,,,,-0.84,35.80%,32.80%,16.00%,,,-32.00%,0.00%,41.22,39.52,13.10%,0.00%,5.80%,271.55%,0.96%,0.55,-75.40%,-183.30%,-113.50%,0.80,0.80,0.07,0.21,53.50%,,,16.67%,81.48%,81.48%,76.58%,46.27%,26.45%,0.93,0.17,15.52%,10.64%,19.02%,37.82%,40.16%,-21.82%,66.99%,-34.85%,91.11%,59.75,-12.24%,0.00%,1.70,684.88,2.55,1.72,-12.24%,1747521,11/16/2020 4:30:00 PM,3.05,11/19/2014,1.74,1.16%
196,"EYES","Second Sight Medical Products, Inc.","Healthcare","Medical Devices","USA",74.40,,,,148.79,125.50,31.00,,,,-1.29,46.00%,,27.30%,,-0.10%,85.80%,,23.12,13.16,43.09%,0.00%,32.60%,1.06%,4.05%,0.28,-297.70%,,-465.10%,1.10,1.10,0.00,0.00,75.10%,,,64.05%,187.78%,202.41%,158.76%,-58.99%,-57.72%,2.46,0.38,36.51%,24.37%,31.60%,89.21%,91.50%,-48.47%,204.17%,-65.78%,217.12%,60.07,-16.09%,3.98%,2.00,1875.36,0.69,2.19,-12.75%,1293471,,2.50,11/19/2014,2.12,-3.20%
